ds,cpu,memory
2025-10-01 00:00:00,31.4901424590337,45.745071229516846
2025-10-01 00:05:00,30.057671340506847,45.010752398588835
2025-10-01 00:10:00,32.887786145529134,46.407726680804394
2025-10-01 00:15:00,35.98565057286533,47.93857607691347
2025-10-01 00:20:00,31.185317876737304,45.52032736539158
2025-10-01 00:25:00,31.65575328813898,45.73746331309587
2025-10-01 00:30:00,37.56515095523223,48.6740811454616
2025-10-01 00:35:00,35.597920761602666,47.672385955628535
2025-10-01 00:40:00,32.35384731291448,46.03227019776687
2025-10-01 00:45:00,35.854949133839156,47.76474328554023
2025-10-01 00:50:00,33.300154684172,46.469269600162335
2025-10-01 00:55:00,33.75429396385364,46.67826429290634
2025-10-01 01:00:00,36.33617965951177,47.951133858374256
2025-10-01 01:05:00,30.32679442211673,44.928369773323226
2025-10-01 01:10:00,31.345556366199723,45.41968124627318
2025-10-01 01:15:00,35.28425535318234,47.37096335917016
2025-10-01 01:20:00,34.380368362117075,46.90095475275505
2025-10-01 01:25:00,38.806087000022856,49.095751381729926
2025-10-01 01:30:00,35.580300893110085,47.46479821036908
2025-10-01 01:35:00,34.50484195491439,46.909011346584435
2025-10-01 01:40:00,43.57223984402717,51.42465577078932
2025-10-01 01:45:00,38.92747619522185,49.084222451460214
2025-10-01 01:50:00,40.23268480794801,49.71877843938222
2025-10-01 01:55:00,36.17674873078333,47.67276540987369
2025-10-01 02:00:00,39.234152762288694,49.183425913212226
2025-10-01 02:05:00,41.61160963408171,50.35411646617002
2025-10-01 02:10:00,38.2324563414816,48.64650571733478
2025-10-01 02:15:00,43.21400396472153,51.11924935771453
2025-10-01 02:20:00,40.68117008474109,49.834806328632254
2025-10-01 02:25:00,41.99871285762904,50.47555585894591
2025-10-01 02:30:00,41.45374482801572,50.18505437174311
2025-10-01 02:35:00,49.194965957601696,54.037651998604
2025-10-01 02:40:00,43.970938985475144,51.40763025975849
2025-10-01 02:45:00,41.20546881507597,50.00689175756684
2025-10-01 02:50:00,47.20712104978215,52.98971944431138
2025-10-01 02:55:00,41.43139891425196,50.08386508286616
2025-10-01 03:00:00,46.068371169778295,52.38436320437261
2025-10-01 03:05:00,39.90387876736818,49.28413443477789
2025-10-01 03:10:00,42.13255244758311,50.380494294753596
2025-10-01 03:15:00,47.03488619833753,52.813689928593455
2025-10-01 03:20:00,48.97972564884065,53.76814430118289
2025-10-01 03:25:00,47.591150179028986,53.05589725271377
2025-10-01 03:30:00,47.0353838808605,52.76006097932999
2025-10-01 03:35:00,46.776736490644225,52.61279049929089
2025-10-01 03:40:00,43.534510997778284,50.97373745733878
2025-10-01 03:45:00,46.092763016221774,52.23492981043339
2025-10-01 03:50:00,47.144669732372144,52.74295630168917
2025-10-01 03:55:00,51.9642010764333,55.13480204605784
2025-10-01 04:00:00,50.0817856061559,54.17568147219708
2025-10-01 04:05:00,44.01164850996112,51.12270732403097
2025-10-01 04:10:00,50.514498857192336,54.356234285874415
2025-10-01 04:15:00,48.62001962265676,53.391103994702405
2025-10-01 04:20:00,47.96896734614318,53.04769486990756
2025-10-01 04:25:00,52.05058635473635,55.07062922445577
2025-10-01 04:30:00,53.515651450760956,55.785294608856795
2025-10-01 04:35:00,53.414778032460625,55.716998871502284
2025-10-01 04:40:00,48.29268162271955,53.13809992302512
2025-10-01 04:45:00,50.06313185881486,54.00548273117423
2025-10-01 04:50:00,52.15596315996575,55.03406465458762
2025-10-01 04:55:00,54.251116310837254,56.06381623454283
2025-10-01 05:00:00,50.040109883874635,53.940496906122746
2025-10-01 05:05:00,51.06459470914902,54.43493223313689
2025-10-01 05:10:00,48.43724127849795,53.10345761019029
2025-10-01 05:15:00,48.29298895598387,53.013542867911305
2025-10-01 05:20:00,54.43519395942073,56.06686626371338
2025-10-01 05:25:00,56.17295069185417,56.91797514753384
2025-10-01 05:30:00,51.985386680632004,54.8064334313676
2025-10-01 05:35:00,55.29974485699524,56.44586272906123
2025-10-01 05:40:00,53.45230088043277,55.504401018488906
2025-10-01 05:45:00,50.5007770565362,54.01090960047835
2025-10-01 05:50:00,53.57954738754342,55.5325756240812
2025-10-01 05:55:00,57.1591636401916,57.30467512049805
2025-10-01 06:00:00,52.47773122223329,54.946260941335076
2025-10-01 06:05:00,57.309755174271395,57.3445857545201
2025-10-01 06:10:00,44.777665200524815,51.06086455968396
2025-10-01 06:15:00,55.11415227040805,56.21144298894887
2025-10-01 06:20:00,52.91160917122657,55.09251758327471
2025-10-01 06:25:00,51.74596363631051,54.4920523565244
2025-10-01 06:30:00,52.90130031117245,55.05208977854136
2025-10-01 06:35:00,46.63688266876365,51.90226173277626
2025-10-01 06:40:00,51.90471337363456,54.518569698365816
2025-10-01 06:45:00,53.589808104272116,55.343521661299924
2025-10-01 06:50:00,56.897533600882184,56.97980113831161
2025-10-01 06:55:00,50.84510405308289,53.936015370722146
2025-10-01 07:00:00,49.90122616812701,53.4465178585509
2025-10-01 07:05:00,50.73900840683918,53.84786297848248
2025-10-01 07:10:00,54.89889438395603,55.91027268403538
2025-10-01 07:15:00,53.0382457758862,54.96242795944059
2025-10-01 07:20:00,50.35297648584711,53.60228590220852
2025-10-01 07:25:00,53.36335288260564,55.08997984249802
2025-10-01 07:30:00,51.987178412518354,54.384411649134925
2025-10-01 07:35:00,54.465454694297534,55.6060822769938
2025-10-01 07:40:00,49.308194444119216,53.00999822955047
2025-10-01 07:45:00,50.277546748722436,53.47723419543023
2025-10-01 07:50:00,49.921823172764256,53.281946102083985
2025-10-01 07:55:00,46.53674579699999,51.5719951348769
2025-10-01 08:00:00,51.636420650991546,54.10443445344125
2025-10-01 08:05:00,51.34372255975621,53.9407016149993
2025-10-01 08:10:00,50.38022728122783,53.441584643092554
2025-10-01 08:15:00,49.4573982970216,52.96281542296273
2025-10-01 08:20:00,45.70337606896194,51.0684643298143
2025-10-01 08:25:00,48.4680536985099,52.43347805852679
2025-10-01 08:30:00,48.47464093570084,52.4194616281222
2025-10-01 08:35:00,46.86116526980994,51.59542892709639
2025-10-01 08:40:00,48.541898229898386,52.418515863690764
2025-10-01 08:45:00,49.988343373054775,53.12447436001158
2025-10-01 08:50:00,54.177996020172145,55.202052219917036
2025-10-01 08:55:00,48.77936967760673,52.48550633984531
2025-10-01 09:00:00,48.75757741545092,52.45739339794962
2025-10-01 09:05:00,47.484115527686484,51.80346168417344
2025-10-01 09:10:00,41.66705183810239,48.87774525320804
2025-10-01 09:15:00,47.053272526966396,51.553687337826865
2025-10-01 09:20:00,47.016644256810565,51.518221411776935
2025-10-01 09:25:00,53.922667574013374,54.95409789056852
2025-10-01 09:30:00,45.64685433168332,50.79907284291553
2025-10-01 09:35:00,46.813746702463135,51.36541749713624
2025-10-01 09:40:00,45.484474114131,50.683696708952596
2025-10-01 09:45:00,41.75658587415658,48.80268527376672
2025-10-01 09:50:00,48.35977592686322,52.087230305240766
2025-10-01 09:55:00,46.850644644107774,51.31563213063538
2025-10-01 10:00:00,46.6265060847931,51.18654792056457
2025-10-01 10:05:00,41.179017630882775,48.44580650700177
2025-10-01 10:10:00,47.76471841835336,51.72167759875448
2025-10-01 10:15:00,38.995506390271466,47.320110308001595
2025-10-01 10:20:00,44.602108512424856,50.1064682581074
2025-10-01 10:25:00,49.0493222806864,52.31315033730234
2025-10-01 10:30:00,39.138893995560636,47.34102983595487
2025-10-01 10:35:00,40.04047744590934,47.77493378843286
2025-10-01 10:40:00,41.66370492452325,48.56967848088815
2025-10-01 10:45:00,39.47641066932639,47.45918117185732
2025-10-01 10:50:00,35.95383637574246,45.68106284844354
2025-10-01 10:55:00,40.42760394910238,47.90113460251896
2025-10-01 11:00:00,36.648390004069505,45.99473488043605
2025-10-01 11:05:00,40.86696203701638,48.08724756921451
2025-10-01 11:10:00,36.29649400900541,45.78525978803033
2025-10-01 11:15:00,43.31105222473516,49.275804827687594
2025-10-01 11:20:00,35.916074707636014,45.56160183816495
2025-10-01 11:25:00,36.90254271782301,46.03814158759066
2025-10-01 11:30:00,39.91068332412331,47.52553774825502
2025-10-01 11:35:00,33.37766015859556,44.24237227386871
2025-10-01 11:40:00,37.351677276172545,46.21274732938278
2025-10-01 11:45:00,40.18889942013679,47.614745423725076
2025-10-01 11:50:00,31.04253124614567,43.024969021811515
2025-10-01 11:55:00,36.015935509430065,45.49509963814407
2025-10-01 12:00:00,35.83848577392086,45.38982419137263
2025-10-01 12:05:00,37.001067318302084,45.954585457320356
2025-10-01 12:10:00,30.54167311810549,42.70838006002952
2025-10-01 12:15:00,29.88845447833432,42.365283788072155
2025-10-01 12:20:00,35.01352768626346,44.91135492094877
2025-10-01 12:25:00,33.93732207592563,44.35680826133014
2025-10-01 12:30:00,33.39750446463606,44.0704773533183
2025-10-01 12:35:00,33.286227092794505,43.9984384523463
2025-10-01 12:40:00,29.809068855457557,42.24348114096296
2025-10-01 12:45:00,32.14977329583582,43.39747732558022
2025-10-01 12:50:00,31.937911273484325,43.27521257056699
2025-10-01 12:55:00,28.523336667204205,41.55161394969872
2025-10-01 13:00:00,35.873628914114484,45.210471315691926
2025-10-01 13:05:00,31.310136891361612,42.91245924105777
2025-10-01 13:10:00,25.929678398224862,40.2059867591533
2025-10-01 13:15:00,31.091016947594014,42.770435759919124
2025-10-01 13:20:00,25.818091909017845,40.11777606140233
2025-10-01 13:25:00,30.7273807347472,42.55624652277666
2025-10-01 13:30:00,31.469306960772816,42.91105904486021
2025-10-01 13:35:00,25.162462314367268,39.741509623885065
2025-10-01 13:40:00,30.14941316401188,42.218881576459495
2025-10-01 13:45:00,28.13637841669291,41.19628448821474
2025-10-01 13:50:00,29.00712930557686,41.61560410764139
2025-10-01 13:55:00,31.878588267408322,43.035301784787045
2025-10-01 14:00:00,25.10383565199139,39.63191782599569
2025-10-01 14:05:00,23.235293078093765,38.681663171858546
2025-10-01 14:10:00,22.48934918320826,38.29273227209348
2025-10-01 14:15:00,22.37691793717694,38.220582242355825
2025-10-01 14:20:00,24.264739058453628,39.14858307236839
2025-10-01 14:25:00,25.19660571944189,39.59863147858915
2025-10-01 14:30:00,24.68590655589072,39.32742190890782
2025-10-01 14:35:00,26.02581288503211,39.98154015171345
2025-10-01 14:40:00,23.27760551569792,38.59162674095147
2025-10-01 14:45:00,27.299606765545345,40.58684296473528
2025-10-01 14:50:00,21.851664078339933,37.847112673986466
2025-10-01 14:55:00,30.51915184321204,42.165123192061735
2025-10-01 15:00:00,23.955187184717435,38.867433209782035
2025-10-01 15:05:00,19.23293248153084,36.49062404477802
2025-10-01 15:10:00,18.32477185308242,36.020887884807095
2025-10-01 15:15:00,22.724876680203575,38.205310548075005
2025-10-01 15:20:00,20.35418542030048,37.004361390821444
2025-10-01 15:25:00,22.920928813135234,38.27215591020932
2025-10-01 15:30:00,21.960364460074647,37.776323033947975
2025-10-01 15:35:00,20.091387760186247,36.82631058833986
2025-10-01 15:40:00,17.54633927369434,35.538288980007465
2025-10-01 15:45:00,15.32676841008752,34.413033039945745
2025-10-01 15:50:00,18.324215608618065,35.89631311377062
2025-10-01 15:55:00,22.033381184377966,37.73547948475574
2025-10-01 16:00:00,19.914973737338066,36.660886578350926
2025-10-01 16:05:00,15.352172777700295,34.36412427485695
2025-10-01 16:10:00,19.43391902103804,36.38966305699456
2025-10-01 16:15:00,19.9037036770223,36.60924865426637
2025-10-01 16:20:00,15.938036314174067,34.6111359753318
2025-10-01 16:25:00,18.90121237930023,36.07747286772382
2025-10-01 16:30:00,18.473748466910322,35.848517752556134
2025-10-01 16:35:00,14.738034791024752,33.96546586042608
2025-10-01 16:40:00,19.116946387674577,36.13975483266334
2025-10-01 16:45:00,19.611464661446682,36.3718754946013
2025-10-01 16:50:00,21.072748388893338,37.08740735728065
2025-10-01 16:55:00,20.88850555202196,36.980204534193064
2025-10-01 17:00:00,13.506677226082378,33.27423768517368
2025-10-01 17:05:00,14.747933030756545,33.87984174199471
2025-10-01 17:10:00,19.037424972657323,36.00959282961366
2025-10-01 17:15:00,18.97382315765608,35.96282612233601
2025-10-01 17:20:00,18.927032101928756,35.92449399933699
2025-10-01 17:25:00,28.898822905243925,40.89548213130447
2025-10-01 17:30:00,19.0213885946905,35.941887152301646
2025-10-01 17:35:00,20.692880961241453,36.7627850780477
2025-10-01 17:40:00,20.135059276565173,36.46905566432235
2025-10-01 17:45:00,19.223520768241503,35.99849764457266
2025-10-01 17:50:00,16.32927099437969,34.536613917220905
2025-10-01 17:55:00,19.567167872173297,36.14083355994081
2025-10-01 18:00:00,14.99642237497462,33.84076217819364
2025-10-01 18:05:00,16.638538360022384,34.647151819090894
2025-10-01 18:10:00,15.936455550531004,34.28147246243777
2025-10-01 18:15:00,17.691169447613476,35.14422197669345
2025-10-01 18:20:00,24.451960830527018,38.51004086909281
2025-10-01 18:25:00,11.978048843160906,32.25853882888918
2025-10-01 18:30:00,19.719884882977418,36.114941671823665
2025-10-01 18:35:00,12.91359209783962,32.69731108853792
2025-10-01 18:40:00,16.43592543925293,34.444024671193766
2025-10-01 18:45:00,21.227866018258364,36.82557309141874
2025-10-01 18:50:00,18.272420819710426,35.333459957443864
2025-10-01 18:55:00,14.974143344018936,33.669962134973424
2025-10-01 19:00:00,16.198446459219937,34.267786173219356
2025-10-01 19:05:00,20.529261950260942,36.41889807954273
2025-10-01 19:10:00,16.45455496997986,34.36728054494203
2025-10-01 19:15:00,19.4592313298445,35.855386589421904
2025-10-01 19:20:00,19.119721479961868,35.67143155199664
2025-10-01 19:25:00,17.21023589922666,34.70252078576329
2025-10-01 19:30:00,25.78770739727028,38.97712080887512
2025-10-01 19:35:00,21.45719998994496,36.79776374228255
2025-10-01 19:40:00,13.688230779153873,32.89920824964709
2025-10-01 19:45:00,20.53979899182508,36.310954056827256
2025-10-01 19:50:00,18.220326018287,35.1372119710652
2025-10-01 19:55:00,22.99661254053571,37.51138244511925
2025-10-01 20:00:00,18.30365708672231,35.15096485450656
2025-10-01 20:05:00,20.587094298289408,36.27877663107019
2025-10-01 20:10:00,22.704421324698593,37.32356646034183
2025-10-01 20:15:00,24.05284259680847,37.983936668229724
2025-10-01 20:20:00,18.128653277892308,35.00803494652642
2025-10-01 20:25:00,21.007734764950193,36.43380210356375
2025-10-01 20:30:00,20.875707820977848,36.35404863034621
2025-10-01 20:35:00,20.637345814288054,36.22116132021061
2025-10-01 20:40:00,28.197842039324456,39.987736929231865
2025-10-01 20:45:00,24.427794347520894,38.08907449165165
2025-10-01 20:50:00,19.74865590833907,35.735900700396186
2025-10-01 20:55:00,26.610301995087468,39.15315329998461
2025-10-01 21:00:00,30.555400779172423,41.112166483653475
2025-10-01 21:05:00,27.62520620939472,39.63356733300403
2025-10-01 21:10:00,20.315092325772053,35.96504297491238
2025-10-01 21:15:00,23.77225357588199,37.68019073969993
2025-10-01 21:20:00,29.38364974642626,40.472490626914535
2025-10-01 21:25:00,23.823917512034413,37.67926107973123
2025-10-01 21:30:00,27.64828216962553,39.57811485213213
2025-10-01 21:35:00,29.01634881361391,40.248854596508174
2025-10-01 21:40:00,24.292836466837546,37.87383992912241
2025-10-01 21:45:00,27.28162249176281,39.35500963571127
2025-10-01 21:50:00,18.1281850603736,34.765102906428154
2025-10-01 21:55:00,25.175656395273194,38.275685956393346
2025-10-01 22:00:00,27.89281426411879,39.62114777291026
2025-10-01 22:05:00,25.313556824410313,38.31843753785885
2025-10-01 22:10:00,34.36503501519546,42.83113082354711
2025-10-01 22:15:00,25.592595433387533,38.431901030869035
2025-10-01 22:20:00,28.982242860253315,40.11375065254752
2025-10-01 22:25:00,31.117905649829787,41.16864396734176
2025-10-01 22:30:00,35.4765728687282,43.33507560994827
2025-10-01 22:35:00,27.275805934921888,39.22182639039382
2025-10-01 22:40:00,35.50690041962885,43.32454419497575
2025-10-01 22:45:00,32.485307951785295,41.80095493849776
2025-10-01 22:50:00,29.950269146278487,40.520679028385345
2025-10-01 22:55:00,34.72408101674703,42.894865071084986
2025-10-01 23:00:00,34.380515416124524,42.710399092335
2025-10-01 23:05:00,32.43064148431056,41.72281576100007
2025-10-01 23:10:00,34.8908428462381,42.940306988104005
2025-10-01 23:15:00,33.977626527308225,42.471126384546075
2025-10-01 23:20:00,35.928032913604916,43.43379424120757
2025-10-01 23:25:00,38.02936499375838,44.4719621498824
2025-10-01 23:30:00,41.257888956427635,46.0737633020175
2025-10-01 23:35:00,33.244425219356906,42.054608003240084
2025-10-01 23:40:00,43.81596635167791,47.32799263450782
2025-10-01 23:45:00,32.02035178652368,41.41783700841482
2025-10-01 23:50:00,37.88155605023368,44.33612848379327
2025-10-01 23:55:00,40.56249874969133,45.664326959381256
2025-10-02 00:00:00,40.10129042788539,45.42148780160255
2025-10-02 00:05:00,37.85090801600811,44.284099570614714
2025-10-02 00:10:00,39.555047789073626,45.12401049811744
2025-10-02 00:15:00,39.1603281718411,44.914529890313176
2025-10-02 00:20:00,39.33045406712288,44.987510292060264
2025-10-02 00:25:00,44.105665670142656,47.363071894051174
2025-10-02 00:30:00,43.08510370520854,46.84078515114809
2025-10-02 00:35:00,40.39120679896535,45.48186946900819
2025-10-02 00:40:00,45.62308825186758,48.085881589819174
2025-10-02 00:45:00,44.29880985653488,47.4118525014762
2025-10-02 00:50:00,46.26618565786921,48.383689317639465
2025-10-02 00:55:00,46.16503576988228,48.32130218614715
2025-10-02 01:00:00,42.23537366695087,46.3446979346421
2025-10-02 01:05:00,43.485483202703755,46.95801858001446
2025-10-02 01:10:00,47.84883275867528,49.12799840272762
2025-10-02 01:15:00,47.87604745303453,49.12995005118181
2025-10-02 01:20:00,46.417078141779484,48.388849042310454
2025-10-02 01:25:00,47.263276811178955,48.80037145780019
2025-10-02 01:30:00,51.17227202425967,50.743331667333536
2025-10-02 01:35:00,45.98882389429731,48.14010981533362
2025-10-02 01:40:00,49.82517782121402,50.046828689162055
2025-10-02 01:45:00,47.99355290042066,49.11959792353917
2025-10-02 01:50:00,48.35904257674935,49.290964327509506
2025-10-02 01:55:00,52.7158968099209,51.45805296717466
2025-10-02 02:00:00,52.29863679012403,51.238124523482035
2025-10-02 02:05:00,52.66089842477958,51.407997035606165
2025-10-02 02:10:00,54.529769125044325,52.331214294199725
2025-10-02 02:15:00,51.06411230831579,50.58720809264516
2025-10-02 02:20:00,53.42935858503031,51.758693820452905
2025-10-02 02:25:00,50.82955752963329,50.447696348745644
2025-10-02 02:30:00,53.10400525770394,51.573863818819866
2025-10-02 02:35:00,52.106349422243106,51.06402014028906
2025-10-02 02:40:00,53.14699932021665,51.57337004435447
2025-10-02 02:45:00,54.994515103258806,52.48619368915605
2025-10-02 02:50:00,51.10105656074164,50.52857105130639
2025-10-02 02:55:00,60.17304221069705,55.05371147135088
2025-10-02 03:00:00,51.21132547151468,50.56204173961592
2025-10-02 03:05:00,50.91349587235764,50.402356701415954
2025-10-02 03:10:00,58.35011989575978,54.10993967835134
2025-10-02 03:15:00,57.56340027247885,53.70589211573417
2025-10-02 03:20:00,57.36615712985756,53.59662415676801
2025-10-02 03:25:00,57.67684489637995,53.74136309482523
2025-10-02 03:30:00,56.04557204206246,52.91516324364198
2025-10-02 03:35:00,53.673418174711784,51.71856448544607
2025-10-02 03:40:00,56.86770405837292,53.30522728018052
2025-10-02 03:45:00,54.87603339383866,52.298953555757286
2025-10-02 03:50:00,60.092107519047104,54.89659405825549
2025-10-02 03:55:00,56.97669397419313,53.328532634476254
2025-10-02 04:00:00,55.18427052315563,52.42200824265562
2025-10-02 04:05:00,56.93117283776098,53.285188794595584
2025-10-02 04:10:00,59.36026321284778,54.48950551319566
2025-10-02 04:15:00,56.64790587360431,53.12314058612092
2025-10-02 04:20:00,56.08140719799975,52.82974727701685
2025-10-02 04:25:00,59.47940708263153,54.51864560843234
2025-10-02 04:30:00,59.674724582639435,54.60624518177595
2025-10-02 04:35:00,57.60159541661767,53.5596639297713
2025-10-02 04:40:00,57.882953232565484,53.6903687494316
2025-10-02 04:45:00,60.15683100574421,54.81737620098751
2025-10-02 04:50:00,55.271942013376986,52.36504299523628
2025-10-02 04:55:00,55.540153612155606,52.48930288229445
2025-10-02 05:00:00,57.74433779707015,53.58159193101203
2025-10-02 05:05:00,59.38717408459525,54.39324997056484
2025-10-02 05:10:00,61.0787511709749,55.22932141959634
2025-10-02 05:15:00,64.68123061870197,57.020887129456625
2025-10-02 05:20:00,62.9278520179649,56.13456696492511
2025-10-02 05:25:00,59.96530799769292,54.64370730973246
2025-10-02 05:30:00,60.468830696204265,54.88592430188407
2025-10-02 05:35:00,57.5895227644205,53.43676933526648
2025-10-02 05:40:00,60.60325380043074,54.93417727692887
2025-10-02 05:45:00,59.844929963338544,54.545601274005826
2025-10-02 05:50:00,61.72158857847986,55.47456005632571
2025-10-02 05:55:00,58.304669975544414,53.756773855470605
2025-10-02 06:00:00,62.36772822174771,55.77901977136176
2025-10-02 06:05:00,65.42162485791918,57.29672864030296
2025-10-02 06:10:00,60.501242814808954,54.82734199313329
2025-10-02 06:15:00,62.027175933703695,55.58115681553445
2025-10-02 06:20:00,62.877403807334744,55.99716296848412
2025-10-02 06:25:00,59.57867075215617,54.33873267439444
2025-10-02 06:30:00,61.420419447029566,55.25058733645373
2025-10-02 06:35:00,60.74220326767288,54.90250370585029
2025-10-02 06:40:00,60.94424187900739,54.99459167794533
2025-10-02 06:45:00,58.26950890711139,53.6483381282491
2025-10-02 06:50:00,60.58996877955494,54.799725332587755
2025-10-02 06:55:00,61.928951061196045,55.46041813500079
2025-10-02 07:00:00,64.69756990786625,56.83597367458325
2025-10-02 07:05:00,63.121850861374575,56.0394047829871
2025-10-02 07:10:00,66.59425726816542,57.766943193749604
2025-10-02 07:15:00,57.714171095971075,53.31827995061899
2025-10-02 07:20:00,62.50557644458427,55.7054071629401
2025-10-02 07:25:00,60.30200693742145,54.59509170143552
2025-10-02 07:30:00,66.17579477499162,57.52349972493938
2025-10-02 07:35:00,57.02701210042625,52.94066736316175
2025-10-02 07:40:00,56.76945978029376,52.80349510709534
2025-10-02 07:45:00,57.318448680891464,53.069638447160855
2025-10-02 07:50:00,52.564313412467556,50.684264745317506
2025-10-02 07:55:00,57.16957590820417,52.97863502455394
2025-10-02 08:00:00,56.27184757746973,52.52155504551384
2025-10-02 08:05:00,58.79449746571554,53.774709386443774
2025-10-02 08:10:00,59.154426211679855,53.946548421794596
2025-10-02 08:15:00,63.53539416664457,56.12895238184929
2025-10-02 08:20:00,60.527871089328336,54.617156200169
2025-10-02 08:25:00,55.70771823706398,52.19909055918122
2025-10-02 08:30:00,54.49724737721963,51.585911395889816
2025-10-02 08:35:00,58.4146681598268,53.53672358818858
2025-10-02 08:40:00,52.71711544917673,50.68009462065883
2025-10-02 08:45:00,61.90371260182508,55.265586223571304
2025-10-02 08:50:00,59.67192981918698,54.14193354918317
2025-10-02 08:55:00,54.44324608894302,51.5198761424405
2025-10-02 09:00:00,50.421565339541985,49.50136601822915
2025-10-02 09:05:00,59.32595935559392,53.945939119070815
2025-10-02 09:10:00,54.61742176418052,51.584092308277675
2025-10-02 09:15:00,58.364666532872825,53.45018261896089
2025-10-02 09:20:00,49.551742679019,49.03623460867384
2025-10-02 09:25:00,52.214497925740595,50.36017218740993
2025-10-02 09:30:00,53.69990114605743,51.095479839664485
2025-10-02 09:35:00,53.49077186258493,50.98356737428295
2025-10-02 09:40:00,51.65957271119641,50.06066615629159
2025-10-02 09:45:00,54.53270568466353,51.48997722871729
2025-10-02 09:50:00,49.11030038627098,48.77156543939435
2025-10-02 09:55:00,51.52982185603467,49.97416335407327
2025-10-02 10:00:00,51.95661495299711,50.180443447567846
2025-10-02 10:05:00,52.772960028281695,50.581545940282005
2025-10-02 10:10:00,52.99373222764154,50.68490844948368
2025-10-02 10:15:00,47.10971704171698,47.7359237644332
2025-10-02 10:20:00,45.501753335877034,46.925011361303575
2025-10-02 10:25:00,53.55346280672957,50.94398213143514
2025-10-02 10:30:00,50.32978390269158,49.32530534162029
2025-10-02 10:35:00,46.69605571178741,47.50165057800218
2025-10-02 10:40:00,53.20010126258106,50.74692939654047
2025-10-02 10:45:00,48.4954500870962,48.387906604470906
2025-10-02 10:50:00,51.284945242483204,49.77600377113846
2025-10-02 10:55:00,47.54528057987546,47.899567862425094
2025-10-02 11:00:00,53.11788293958706,50.67931233834818
2025-10-02 11:05:00,51.79201821884555,50.00987018692654
2025-10-02 11:10:00,45.36710335675679,46.790949916662406
2025-10-02 11:15:00,48.61455451440828,48.408259646592825
2025-10-02 11:20:00,47.219864264384825,47.70454570104703
2025-10-02 11:25:00,48.971778767871825,48.5741811981977
2025-10-02 11:30:00,41.551719137194645,44.85787673133037
2025-10-02 11:35:00,46.08391257516722,47.1177459385173
2025-10-02 11:40:00,46.77916968535968,47.459194157750964
2025-10-02 11:45:00,37.90489174354449,43.015922062666746
2025-10-02 11:50:00,39.207831581920644,43.66130610465471
2025-10-02 11:55:00,36.215897730806134,42.15930058370546
2025-10-02 12:00:00,41.10105861848457,44.59588974833317
2025-10-02 12:05:00,43.637496046751494,45.858164533348344
2025-10-02 12:10:00,45.56764348018073,46.8173417044907
2025-10-02 12:15:00,40.858880085923175,44.45711087832823
2025-10-02 12:20:00,45.098993470953765,46.571365890880365
2025-10-02 12:25:00,35.65012821515226,41.84117906415803
2025-10-02 12:30:00,34.25851229650998,41.13966441876675
2025-10-02 12:35:00,38.781390922829054,43.395444589755904
2025-10-02 12:40:00,39.68095767196477,43.83961639673966
2025-10-02 12:45:00,38.012962119427485,43.00005465769759
2025-10-02 12:50:00,31.492766881552186,39.734440710559156
2025-10-02 12:55:00,37.01374482402977,42.48946101746909
2025-10-02 13:00:00,32.95587532876792,40.455105298217525
2025-10-02 13:05:00,38.468848599281976,43.20621868293515
2025-10-02 13:10:00,37.15274098471409,42.542839374102535
2025-10-02 13:15:00,32.82918902168825,40.37578566747736
2025-10-02 13:20:00,33.706073911598644,40.80899819073828
2025-10-02 13:25:00,31.672040382299226,39.78679933432956
2025-10-02 13:30:00,34.26700424606105,41.079147030439344
2025-10-02 13:35:00,36.92937605790217,42.40524658216449
2025-10-02 13:40:00,30.719416414746608,39.2952283130897
2025-10-02 13:45:00,34.805306563023215,41.33318287108675
2025-10-02 13:50:00,31.323080822219143,39.587127440091
2025-10-02 13:55:00,30.16022122950283,39.000803062412615
2025-10-02 14:00:00,31.847217182387627,39.83945446006817
2025-10-02 14:05:00,28.69671323870237,38.25940393476572
2025-10-02 14:10:00,29.780466297804264,38.796529958511
2025-10-02 14:15:00,27.49177291520588,37.647480830920706
2025-10-02 14:20:00,36.62876661585876,42.211323335864115
2025-10-02 14:25:00,30.49493009987129,39.13979884432177
2025-10-02 14:30:00,27.95004350958594,37.86279744792392
2025-10-02 14:35:00,30.356938800200094,39.06173514426075
2025-10-02 14:40:00,29.049655723198438,38.40363182859836
2025-10-02 14:45:00,28.40139413799479,38.07508744969949
2025-10-02 14:50:00,30.590645940102476,39.16534797390854
2025-10-02 14:55:00,30.710846305328136,39.221131007248275
2025-10-02 15:00:00,26.54348303236989,37.133180466718734
2025-10-02 15:05:00,26.110829419094067,36.912633018435436
2025-10-02 15:10:00,26.723206279619394,37.2146490861713
2025-10-02 15:15:00,20.35959659781774,34.028720178106845
2025-10-02 15:20:00,22.443845704678814,35.066768975512396
2025-10-02 15:25:00,30.821295753290237,39.25146657023797
2025-10-02 15:30:00,31.394157124090494,39.53391816733958
2025-10-02 15:35:00,25.458182050691935,36.5619998979906
2025-10-02 15:40:00,27.688576984304937,37.67331500169374
2025-10-02 15:45:00,26.6539731587559,37.15217910878985
2025-10-02 15:50:00,34.72599961867955,41.184406754554004
2025-10-02 15:55:00,28.625147781973148,38.13024366042241
2025-10-02 16:00:00,24.667777121680743,36.14786957493447
2025-10-02 16:05:00,21.97816218257642,34.79942178202429
2025-10-02 16:10:00,19.82694675478613,33.720222187831425
2025-10-02 16:15:00,25.066525309333947,36.33646803847395
2025-10-02 16:20:00,22.00537118145941,34.802396011707046
2025-10-02 16:25:00,19.83448142558992,33.71350464440902
2025-10-02 16:30:00,21.996958847224857,34.79134534852335
2025-10-02 16:35:00,20.536165784319344,34.05759930175043
2025-10-02 16:40:00,28.695141701688748,38.133786244749764
2025-10-02 16:45:00,26.140390909675183,36.85315834047312
2025-10-02 16:50:00,23.34222527690419,35.450871530542805
2025-10-02 16:55:00,27.685628488733073,37.61941766447575
2025-10-02 17:00:00,23.36659544504548,35.456794198580745
2025-10-02 17:05:00,20.448429868084638,33.994652999874994
2025-10-02 17:10:00,27.508595699695583,37.521726044705154
2025-10-02 17:15:00,24.472090786819894,36.00051226149468
2025-10-02 17:20:00,19.668998296784633,33.59605323838823
2025-10-02 17:25:00,22.144374027193052,34.83087687819699
2025-10-02 17:30:00,20.03249962149699,33.77212400618476
2025-10-02 17:35:00,18.46425987152134,32.9852370213303
2025-10-02 17:40:00,25.35386160556976,36.42731934038001
2025-10-02 17:45:00,28.275634349367046,37.88553572831916
2025-10-02 17:50:00,18.333138576220808,32.911666423452715
2025-10-02 17:55:00,24.208618600684435,35.84683358423677
2025-10-02 18:00:00,20.56807229263452,34.02403614631726
2025-10-02 18:05:00,21.06833473931863,34.271691653553866
2025-10-02 18:10:00,20.771659524961624,34.120926897823125
2025-10-02 18:15:00,19.985412118917207,33.72542461309424
2025-10-02 18:20:00,22.760893846809317,35.11083546099979
2025-10-02 18:25:00,20.169808715181233,33.81301144316025
2025-10-02 18:30:00,23.530724858990773,35.49123662493166
2025-10-02 18:35:00,22.634675733096458,35.04102773114869
2025-10-02 18:40:00,22.14389261916477,34.7935003995783
2025-10-02 18:45:00,20.22266966964113,33.830801702905305
2025-10-02 18:50:00,21.308909476181608,34.37188293294817
2025-10-02 18:55:00,25.40845614954669,36.41966614060602
2025-10-02 19:00:00,24.757242084975758,36.092117518545884
2025-10-02 19:05:00,20.44313033766735,33.933168588942884
2025-10-02 19:10:00,23.804140117141706,35.61182895066156
2025-10-02 19:15:00,25.89963300894219,36.657779390106626
2025-10-02 19:20:00,18.785500953106936,33.098965870458855
2025-10-02 19:25:00,25.580890372302328,36.49496159574192
2025-10-02 19:30:00,22.128806223114875,34.767269036468356
2025-10-02 19:35:00,26.003038560162416,36.70278321169526
2025-10-02 19:40:00,22.184645947684775,34.792033394819725
2025-10-02 19:45:00,19.2514880997387,33.32394943367633
2025-10-02 19:50:00,19.983658401909363,33.688578011393034
2025-10-02 19:55:00,25.219038344361838,36.30485986291699
2025-10-02 20:00:00,26.070697401287482,36.729329714737844
2025-10-02 20:05:00,22.803473172356167,35.09440635561391
2025-10-02 20:10:00,27.665134569645954,37.5239742300372
2025-10-02 20:15:00,21.0056625083184,34.19302378357111
2025-10-02 20:20:00,26.040666699195654,36.7093598591391
2025-10-02 20:25:00,22.86224157007369,35.11902965768149
2025-10-02 20:30:00,24.803745660180155,36.08871243538441
2025-10-02 20:35:00,27.172868964905913,37.27225317604581
2025-10-02 20:40:00,24.728178795422583,36.048935520884285
2025-10-02 20:45:00,26.441693459335028,36.90476860886549
2025-10-02 20:50:00,30.907239798717637,39.136665845720415
2025-10-02 20:55:00,26.45760853245863,36.91102257511772
2025-10-02 21:00:00,31.00206281139688,39.18247035623223
2025-10-02 21:05:00,25.41920261121335,36.39030916019088
2025-10-02 21:10:00,30.71755837371803,39.03880419071631
2025-10-02 21:15:00,33.779008798568114,40.56889477998615
2025-10-02 21:20:00,22.37170637188907,34.86465715294368
2025-10-02 21:25:00,27.734313301585985,37.54542239495369
2025-10-02 21:30:00,32.2004364151053,39.7779939006836
2025-10-02 21:35:00,30.21000328582711,38.78233543729968
2025-10-02 21:40:00,32.288028837223536,39.8209544465465
2025-10-02 21:45:00,29.72345103282495,38.53831988973024
2025-10-02 21:50:00,32.16118357626446,39.7568885977411
2025-10-02 21:55:00,31.805408499784235,39.57875156530665
2025-10-02 22:00:00,36.151654447230705,41.75167309248971
2025-10-02 22:05:00,33.79210225619349,40.57174357575794
2025-10-02 22:10:00,34.42666166356206,40.88891786076246
2025-10-02 22:15:00,32.56753611810229,39.95929764862629
2025-10-02 22:20:00,32.73377588153574,40.04240804648427
2025-10-02 22:25:00,33.29627453293958,40.32369581968319
2025-10-02 22:30:00,36.178397965015435,41.76484388991654
2025-10-02 22:35:00,34.136727505505306,40.7441428959326
2025-10-02 22:40:00,36.67699923429794,42.014460852087936
2025-10-02 22:45:00,42.44503077660662,44.89870654493654
2025-10-02 22:50:00,39.246320356718606,43.2996290601048
2025-10-02 22:55:00,36.071760356288316,41.71267456143832
2025-10-02 23:00:00,41.07292559677426,44.21363043222069
2025-10-02 23:05:00,36.666878823503474,42.01102801720594
2025-10-02 23:10:00,32.20071957613827,39.778417057852195
2025-10-02 23:15:00,35.71678743095753,41.53696731346261
2025-10-02 23:20:00,33.556385562069266,40.45733034179191
2025-10-02 23:25:00,38.54349356739496,42.95149591203886
2025-10-02 23:30:00,40.083914752144125,43.72236564658382
2025-10-02 23:35:00,45.48974452662272,46.42598721989326
2025-10-02 23:40:00,41.87392895553236,44.61883363316966
2025-10-02 23:45:00,40.66929415823725,44.01731791448526
2025-10-02 23:50:00,44.24878906744309,45.807914498121875
2025-10-02 23:55:00,35.5614633523399,41.46514818614254
2025-10-03 00:00:00,43.336122796143925,45.35342183716284
2025-10-03 00:05:00,45.376189845747355,46.37444664117607
2025-10-03 00:10:00,39.061848382578404,43.21831450498358
2025-10-03 00:15:00,47.36237233243464,47.36966235711183
2025-10-03 00:20:00,45.37938544729413,46.379302038718194
2025-10-03 00:25:00,43.54989445346952,45.46573687766845
2025-10-03 00:30:00,47.12483511725377,47.25443472135993
2025-10-03 00:35:00,52.46796266868795,49.92727314860576
2025-10-03 00:40:00,46.62933518080486,47.009281159257036
2025-10-03 00:45:00,47.25450342044616,47.323234099611774
2025-10-03 00:50:00,45.55591310357325,46.47535479007065
2025-10-03 00:55:00,44.80646258312155,46.10209236906454
2025-10-03 01:00:00,50.26664661457385,48.833694175841586
2025-10-03 01:05:00,45.62447365791848,46.51416440144661
2025-10-03 01:10:00,48.82175240194992,48.114407350871815
2025-10-03 01:15:00,47.58545384392226,47.497908482883936
2025-10-03 01:20:00,50.86358481325266,49.13867117187627
2025-10-03 01:25:00,50.83250163731789,49.124873540767425
2025-10-03 01:30:00,53.34546169952648,50.38314424003775
2025-10-03 01:35:00,49.10038314446978,48.26244230030525
2025-10-03 01:40:00,50.21447104220373,48.821370214466924
2025-10-03 01:45:00,48.47735216988365,47.95474132851654
2025-10-03 01:50:00,50.466007813146526,48.95104624223617
2025-10-03 01:55:00,53.311545005239985,50.37583842876115
2025-10-03 02:00:00,54.82669390779744,51.135482924968024
2025-10-03 02:05:00,50.160464338565696,48.80448459533878
2025-10-03 02:10:00,55.90197943473572,51.67740496362673
2025-10-03 02:15:00,57.72106946403585,52.58915911840344
2025-10-03 02:20:00,55.25007383530523,51.355916718346
2025-10-03 02:25:00,59.99021751896489,53.72829020247293
2025-10-03 02:30:00,52.38280244959215,49.92693049143184
2025-10-03 02:35:00,51.30865888466765,49.39225266687346
2025-10-03 02:40:00,50.03886490868925,48.759795723508965
2025-10-03 02:45:00,60.18935053141999,53.83752461823446
2025-10-03 02:50:00,57.984138269000525,52.73745056068769
2025-10-03 02:55:00,56.16758822036631,51.831753551457005
2025-10-03 03:00:00,57.4808748057741,52.491020751345204
2025-10-03 03:05:00,53.564305903362,50.535406049649986
2025-10-03 03:10:00,64.5708653958736,56.04140133752647
2025-10-03 03:15:00,57.90699985018769,52.7122298477526
2025-10-03 03:20:00,58.12599945405332,52.82453662309712
2025-10-03 03:25:00,60.24621051700334,53.88749476677685
2025-10-03 03:30:00,59.77551908647483,53.65504725051741
2025-10-03 03:35:00,59.2600812768886,53.400272079093526
2025-10-03 03:40:00,56.46517620843424,52.00580875972195
2025-10-03 03:45:00,60.49128672040488,54.02189865872944
2025-10-03 03:50:00,64.95523177377348,56.25695120284141
2025-10-03 03:55:00,63.56957624475185,55.567248775961936
2025-10-03 04:00:00,64.52880544204899,56.05003397780348
2025-10-03 04:05:00,58.4231939439529,53.00044404242829
2025-10-03 04:10:00,57.18718612462122,52.38570110139434
2025-10-03 04:15:00,59.96926585692457,53.78004703517741
2025-10-03 04:20:00,60.69580004370216,54.146665238799535
2025-10-03 04:25:00,63.984481511904534,55.794402068900894
2025-10-03 04:30:00,55.78899208619415,51.700098380540645
2025-10-03 04:35:00,65.61063187858822,56.614404172018894
2025-10-03 04:40:00,60.69459083868527,54.159914359990594
2025-10-03 04:45:00,60.02557057479295,53.828979690029925
2025-10-03 04:50:00,58.39839676985025,53.01901294459202
2025-10-03 04:55:00,56.589468367521626,52.11821353606063
2025-10-03 05:00:00,64.13365083636688,55.894014138833555
2025-10-03 05:05:00,61.984910089024915,54.82339764891521
2025-10-03 05:10:00,57.98655555755493,52.82801872158775
2025-10-03 05:15:00,58.05330194248694,52.86523464593688
2025-10-03 05:20:00,61.003859485490516,54.34440048118689
2025-10-03 05:25:00,67.08149064119569,57.3871473926117
2025-10-03 05:30:00,61.349367947507496,54.52506158669269
2025-10-03 05:35:00,57.66290330845936,52.68584895254604
2025-10-03 05:40:00,61.46974263994357,54.59333238478854
2025-10-03 05:45:00,61.41387005816386,54.56950387776453
2025-10-03 05:50:00,54.156863331354806,50.94515225140621
2025-10-03 05:55:00,62.09052351935801,54.91617797102237
2025-10-03 06:00:00,61.55688508839816,54.653598204686986
2025-10-03 06:05:00,64.32498190064163,56.04192981801922
2025-10-03 06:10:00,67.76030118230163,57.76391635823659
2025-10-03 06:15:00,65.56060096874222,56.66843677670767
2025-10-03 06:20:00,61.332127136743416,54.558613945085206
2025-10-03 06:25:00,58.767533132108916,53.28077451911069
2025-10-03 06:30:00,69.7459587296619,58.774488318612896
2025-10-03 06:35:00,62.132778889626664,54.97244275569934
2025-10-03 06:40:00,61.9166610240977,54.8689714679915
2025-10-03 06:45:00,61.71278670652332,54.771665173367296
2025-10-03 06:50:00,62.28028275648445,55.060087212351114
2025-10-03 06:55:00,61.144434303958974,54.496880080246704
2025-10-03 07:00:00,59.738684440186766,53.798765252570334
2025-10-03 07:05:00,59.69196811156409,53.7802101319987
2025-10-03 07:10:00,61.097935227220965,54.488039602158274
2025-10-03 07:15:00,59.420406880270015,53.654164138250415
2025-10-03 07:20:00,58.75753080138896,53.327657533843336
2025-10-03 07:25:00,61.05171562580674,54.47972403436583
2025-10-03 07:30:00,59.794893217050706,53.85632949898159
2025-10-03 07:35:00,64.8903244139039,56.40910427406852
2025-10-03 07:40:00,52.23515895952001,50.086623157776984
2025-10-03 07:45:00,63.26360008778364,55.60598769321057
2025-10-03 07:50:00,63.51972442751381,55.73923612052867
2025-10-03 07:55:00,53.34515966549554,50.657182208462864
2025-10-03 08:00:00,58.3126993312921,53.14622264672386
2025-10-03 08:05:00,57.993543520712194,52.99195740773578
2025-10-03 08:10:00,54.644213234640404,51.322646916052136
2025-10-03 08:15:00,56.28406846560236,52.147971091639135
2025-10-03 08:20:00,55.02856284739425,51.52565667469117
2025-10-03 08:25:00,63.35199261944017,55.69285170781026
2025-10-03 08:30:00,60.62934754004563,54.33705099263356
2025-10-03 08:35:00,61.35647365356957,54.706177473420055
2025-10-03 08:40:00,59.41881387083082,53.74295252725463
2025-10-03 08:45:00,53.57125687693838,50.82482041796394
2025-10-03 08:50:00,55.08222647642029,51.585992968681595
2025-10-03 08:55:00,57.814185394404596,52.95770146243943
2025-10-03 09:00:00,52.36299418933798,50.23787609852757
2025-10-03 09:05:00,57.84487567415786,52.984628203081286
2025-10-03 09:10:00,54.65474241596764,51.39541397891939
2025-10-03 09:15:00,53.91458160429928,51.03122693967629
2025-10-03 09:20:00,56.828891329849,52.49431604917064
2025-10-03 09:25:00,55.67956851980432,51.925629689069666
2025-10-03 09:30:00,52.90860770278135,50.54616504135858
2025-10-03 09:35:00,57.10834720950642,52.652091188682206
2025-10-03 09:40:00,50.020309688345755,49.11416937211063
2025-10-03 09:45:00,54.73890760425033,51.479605740612435
2025-10-03 09:50:00,54.29263647748648,51.26264797042081
2025-10-03 09:55:00,51.201730198835726,49.72341292263424
2025-10-03 10:00:00,52.72078680988633,50.48919953336319
2025-10-03 10:05:00,47.5962255248034,47.93321732461591
2025-10-03 10:10:00,53.724167244051735,51.003526661160706
2025-10-03 10:15:00,49.99542444839341,49.145533697525536
2025-10-03 10:20:00,48.57571661614683,48.442098086628455
2025-10-03 10:25:00,52.88056573831546,50.600980737342695
2025-10-03 10:30:00,47.20624626526613,47.77031878783677
2025-10-03 10:35:00,44.67591077216197,46.51168843829169
2025-10-03 10:40:00,43.80989540310027,46.085257672970855
2025-10-03 10:45:00,49.87296651077107,49.12340958005008
2025-10-03 10:50:00,43.785663885816696,46.086413966298316
2025-10-03 10:55:00,52.4604088692478,50.430481413286486
2025-10-03 11:00:00,40.5165704760659,44.46529633919961
2025-10-03 11:05:00,51.41551834898159,49.921543475696794
2025-10-03 11:10:00,46.52065170296021,47.48092234018497
2025-10-03 11:15:00,45.156771958293916,46.805833552355715
2025-10-03 11:20:00,43.369531365140986,45.91910314645588
2025-10-03 11:25:00,45.75734392780353,47.11993803342728
2025-10-03 11:30:00,44.001153140038866,46.24880986856326
2025-10-03 11:35:00,46.976765025129126,47.743621571544416
2025-10-03 11:40:00,43.561231283941645,46.042898900469645
2025-10-03 11:45:00,43.220236260203265,45.87948393449425
2025-10-03 11:50:00,41.22857790350392,44.89077555533259
2025-10-03 11:55:00,41.6981697043067,45.13273041476401
2025-10-03 12:00:00,42.34172013135649,45.461702653338094
2025-10-03 12:05:00,35.83704195226773,42.21659856066946
2025-10-03 12:10:00,36.47235506902332,42.54152799318808
2025-10-03 12:15:00,42.29640746715934,45.46086484873265
2025-10-03 12:20:00,40.12946254209295,44.38474072971534
2025-10-03 12:25:00,38.61592170677943,43.635356246951346
2025-10-03 12:30:00,38.775140307187776,43.72238897739757
2025-10-03 12:35:00,39.31571808628027,44.000138696143345
2025-10-03 12:40:00,36.2082018369231,42.45387870286666
2025-10-03 12:45:00,35.04865314168661,41.88163969173526
2025-10-03 12:50:00,37.52897235656109,43.129371743265494
2025-10-03 12:55:00,33.56617378294187,41.155581910315725
2025-10-03 13:00:00,37.28809459654755,43.02418868254651
2025-10-03 13:05:00,30.520019781243725,39.64783445333333
2025-10-03 13:10:00,38.28226201139927,43.53667546094574
2025-10-03 13:15:00,36.182401215965676,42.49450157058795
2025-10-03 13:20:00,35.10549836610562,41.96384316821413
2025-10-03 13:25:00,36.86146534029672,42.84965609308123
2025-10-03 13:30:00,38.48917633491756,43.67137734304295
2025-10-03 13:35:00,36.118794113025956,42.49408819893985
2025-10-03 13:40:00,27.139753626349396,38.012506035595564
2025-10-03 13:45:00,28.41428866706233,38.65774764770643
2025-10-03 13:50:00,29.973345370313535,39.44528600110615
2025-10-03 13:55:00,31.52517952093738,40.22924888612238
2025-10-03 14:00:00,32.60349577970565,40.7764885307037
2025-10-03 14:05:00,28.48158787981564,38.72365169866457
2025-10-03 14:10:00,30.832287374012083,39.9071540632474
2025-10-03 14:15:00,27.624049762888305,38.31122327127402
2025-10-03 14:20:00,27.67907447259595,38.34695893200161
2025-10-03 14:25:00,24.922463362781247,36.97691187109184
2025-10-03 14:30:00,26.00712414685415,37.52753584074644
2025-10-03 14:35:00,24.36187209204177,36.71323836973492
2025-10-03 14:40:00,25.13529653993437,37.10831402366859
2025-10-03 14:45:00,30.87588118430429,39.987004543911084
2025-10-03 14:50:00,24.525005557138304,36.8199995905955
2025-10-03 14:55:00,34.934956622253495,42.033442539433416
2025-10-03 15:00:00,28.18888589077719,38.668909039455855
2025-10-03 15:05:00,26.941224525007765,38.05361456494476
2025-10-03 15:10:00,23.49623443080058,36.339689961626945
2025-10-03 15:15:00,27.863778852864975,38.5320667443237
2025-10-03 15:20:00,23.734565839767868,36.47609882945356
2025-10-03 15:25:00,25.533362955945307,37.384169891039235
2025-10-03 15:30:00,32.56079736926713,40.906593404490856
2025-10-03 15:35:00,24.31305877329909,36.79146410773819
2025-10-03 15:40:00,27.777362477916665,38.532389546538596
2025-10-03 15:45:00,21.956047738920457,35.63053923928572
2025-10-03 15:50:00,23.704494016266345,36.513602806125704
2025-10-03 15:55:00,28.87370552959665,39.107082246723806
2025-10-03 16:00:00,21.44031812865714,35.399295375473976
2025-10-03 16:05:00,28.526658210137857,38.95140527992033
2025-10-03 16:10:00,24.98894121895859,37.191519571400995
2025-10-03 16:15:00,20.963035719834,35.187572420831714
2025-10-03 16:20:00,24.34088175629327,36.88553373821678
2025-10-03 16:25:00,25.163106271871122,37.30571688324562
2025-10-03 16:30:00,23.921305015945908,36.69391961821293
2025-10-03 16:35:00,17.164362782372756,33.32458422733634
2025-10-03 16:40:00,19.52159443277584,34.51236802840362
2025-10-03 16:45:00,20.797299654444082,35.15942075172169
2025-10-03 16:50:00,21.162354577831128,35.351180348867665
2025-10-03 16:55:00,23.102484996108956,36.33050960246673
2025-10-03 17:00:00,21.637460589799613,35.6072932385092
2025-10-03 17:05:00,16.971344601676556,33.28356276380224
2025-10-03 17:10:00,22.000174315441935,35.807336705309616
2025-10-03 17:15:00,22.58277146320775,36.108025813893434
2025-10-03 17:20:00,22.33109238041436,35.991608141774485
2025-10-03 17:25:00,23.804081888072435,36.737555983654325
2025-10-03 17:30:00,22.982870775500587,36.336434618085256
2025-10-03 17:35:00,21.787384658621463,35.74820673661946
2025-10-03 17:40:00,20.13748799613055,34.932804451894576
2025-10-03 17:45:00,15.312664228906538,32.52996936733998
2025-10-03 17:50:00,21.54140085141607,35.65394511288031
2025-10-03 17:55:00,20.842057241731744,35.31391125994558
2025-10-03 18:00:00,21.009634530173457,35.40736825579306
2025-10-03 18:05:00,16.35001448323257,33.087256865470444
2025-10-03 18:10:00,16.93190910707594,33.387932973569036
2025-10-03 18:15:00,23.33880557432282,36.60114004761332
2025-10-03 18:20:00,20.0743885245156,34.978720288297566
2025-10-03 18:25:00,22.260686132817526,36.08168766383574
2025-10-03 18:30:00,20.33367219100238,35.12802895045758
2025-10-03 18:35:00,20.37989685176699,35.16101910456601
2025-10-03 18:40:00,23.156740460938607,36.559348178841915
2025-10-03 18:45:00,18.854331120267336,34.418080103641636
2025-10-03 18:50:00,20.760681501854286,35.381221094212144
2025-10-03 18:55:00,19.164582284386782,34.59316636880982
2025-10-03 19:00:00,19.3361966476567,34.68899739596084
2025-10-03 19:05:00,19.80958302551133,34.93574327093775
2025-10-03 19:10:00,21.509995974268634,35.79603114996829
2025-10-03 19:15:00,19.52286521735156,34.812575772553735
2025-10-03 19:20:00,24.850852683350293,37.4867079805012
2025-10-03 19:25:00,18.53312377785811,34.33801035384276
2025-10-03 19:30:00,20.798507379088218,35.48089720864508
2025-10-03 19:35:00,20.19084388664111,35.18728862139426
2025-10-03 19:40:00,26.010542275838652,38.107388956164094
2025-10-03 19:45:00,22.4274158673705,36.326104749440475
2025-10-03 19:50:00,25.109909861890408,37.67765847742074
2025-10-03 19:55:00,17.74270799472535,34.00439188336947
2025-10-03 20:00:00,23.19384330255523,36.740321360959506
2025-10-03 20:05:00,25.263077188277826,37.78532748670567
2025-10-03 20:10:00,23.050612432645394,36.689511525784276
2025-10-03 20:15:00,26.21775120934116,38.283524439572574
2025-10-03 20:20:00,21.694855077598426,36.03254688195952
2025-10-03 20:25:00,27.70791681871359,39.04957511760353
2025-10-03 20:30:00,30.617345957211775,40.514813782516526
2025-10-03 20:35:00,22.880411649539987,36.656897328411695
2025-10-03 20:40:00,22.88806621207568,36.67130178670904
2025-10-03 20:45:00,28.847612865827116,39.66167864088678
2025-10-03 20:50:00,29.496165784457883,39.99658485049483
2025-10-03 20:55:00,23.465825069319862,36.992070338672534
2025-10-03 21:00:00,24.057624690134823,37.29865196249072
2025-10-03 21:05:00,24.763290516861684,37.66219252888656
2025-10-03 21:10:00,21.87228304495099,36.22742215729199
2025-10-03 21:15:00,23.45304869462076,37.02856392927299
2025-10-03 21:20:00,23.50617753980799,37.06591275300651
2025-10-03 21:25:00,24.53087044261164,37.58906893050322
2025-10-03 21:30:00,27.0517794957403,38.860358378832615
2025-10-03 21:35:00,28.185793992601496,39.438225615168946
2025-10-03 21:40:00,32.46754566513819,41.589986375710666
2025-10-03 21:45:00,25.159286669856897,37.9467666086958
2025-10-03 21:50:00,31.450859667514536,41.103487514246616
2025-10-03 21:55:00,28.20453503848966,39.491284152056494
2025-10-03 22:00:00,29.0516088710427,39.92580443552135
2025-10-03 22:05:00,31.582667795946286,41.20234154905602
2025-10-03 22:10:00,26.55278276090648,38.698430835306205
2025-10-03 22:15:00,31.4352648744356,41.150727717086085
2025-10-03 22:20:00,31.1586414009181,41.023495694912604
2025-10-03 22:25:00,32.511863061446796,41.71120999742483
2025-10-03 22:30:00,32.281026155474,41.6069186422108
2025-10-03 22:35:00,39.162027343252525,45.058569827029324
2025-10-03 22:40:00,30.268916966945852,40.62318859036633
2025-10-03 22:45:00,30.978365256687056,40.98910991446565
2025-10-03 22:50:00,31.094167310558497,41.05823121532011
2025-10-03 22:55:00,31.692206771145514,41.36849418094972
2025-10-03 23:00:00,31.844143998760607,41.45572885801499
2025-10-03 23:05:00,37.72344051460592,44.40666587339957
2025-10-03 23:10:00,38.820206597557856,44.966360232603755
2025-10-03 23:15:00,33.25077332310438,42.19297733921451
2025-10-03 23:20:00,32.87207630088033,42.01498486367435
2025-10-03 23:25:00,37.191129133462766,44.18588947268043
2025-10-03 23:30:00,34.52935678075555,42.866403511378046
2025-10-03 23:35:00,38.495163509492556,44.8607289781136
2025-10-03 23:40:00,37.6164720519666,44.43282710380035
2025-10-03 23:45:00,32.8725919725954,42.07235253520269
2025-10-03 23:50:00,42.47504085472992,46.88506392834174
2025-10-03 23:55:00,43.63323172225671,47.47566765929767
2025-10-04 00:00:00,36.82047131972241,44.08081696427342
2025-10-04 00:05:00,37.908929254025246,44.636596510441656
2025-10-04 00:10:00,40.34257712200402,45.8649919597407
2025-10-04 00:15:00,40.900841527250535,46.15571647728195
2025-10-04 00:20:00,42.2849302903786,46.8593738364858
2025-10-04 00:25:00,46.75086672419649,49.10397555666918
2025-10-04 00:30:00,40.59928998953217,46.03984108095944
2025-10-04 00:35:00,39.14383553282467,45.32378799509148
2025-10-04 00:40:00,37.80787690060112,44.6675029346475
2025-10-04 00:45:00,40.15845888985674,45.854508160248386
2025-10-04 00:50:00,42.65538579308538,47.114705680070315
2025-10-04 00:55:00,48.53985833566415,50.068695718538386
2025-10-04 01:00:00,42.002467248139325,46.811773502470956
2025-10-04 01:05:00,44.62327887960099,48.13397206776827
2025-10-04 01:10:00,44.296557980722596,47.9824236509336
2025-10-04 01:15:00,48.30201745201922,49.99698456320374
2025-10-04 01:20:00,52.70554810688116,52.21060007206711
2025-10-04 01:25:00,43.91676431595666,47.828077223456525
2025-10-04 01:30:00,44.42218464339798,48.092675159873544
2025-10-04 01:35:00,49.400438034463626,50.593708214190954
2025-10-04 01:40:00,48.68721169990299,50.24901985184646
2025-10-04 01:45:00,52.55118155585641,52.192947890794066
2025-10-04 01:50:00,49.12812004152295,50.49337841033928
2025-10-04 01:55:00,46.659303722905804,49.27094955301328
2025-10-04 02:00:00,49.86537473574085,50.88598224603845
2025-10-04 02:05:00,51.77095628779614,51.85078795247956
2025-10-04 02:10:00,51.25275402691021,51.60371935526426
2025-10-04 02:15:00,50.65444208033708,51.31661337685697
2025-10-04 02:20:00,52.6686334920142,52.33577639789419
2025-10-04 02:25:00,53.306991446799316,52.66703986930433
2025-10-04 02:30:00,54.27041419913927,53.160852776643495
2025-10-04 02:35:00,52.38907089932642,52.23229955322505
2025-10-04 02:40:00,50.25459938603689,51.1771989763901
2025-10-04 02:45:00,51.50295521261398,51.81352868065066
2025-10-04 02:50:00,54.9828923835246,53.565665525919144
2025-10-04 02:55:00,49.20664626202328,50.68972705134185
2025-10-04 03:00:00,53.05094616990132,52.624077775174825
2025-10-04 03:05:00,51.04561980212913,51.63363140210651
2025-10-04 03:10:00,52.585672785345,52.41589060250346
2025-10-04 03:15:00,56.60154639043304,54.43607586870071
2025-10-04 03:20:00,53.599052568956104,52.94709303321962
2025-10-04 03:25:00,53.41730672194321,52.86849965316302
2025-10-04 03:30:00,49.4432160623414,50.89374919144248
2025-10-04 03:35:00,55.998750364887655,54.18382639171566
2025-10-04 03:40:00,55.92594083853641,54.15974671460153
2025-10-04 03:45:00,60.70092386706342,56.55957820798364
2025-10-04 03:50:00,53.50155220644144,52.97224710569935
2025-10-04 03:55:00,55.28800772620835,53.87784419822537
2025-10-04 04:00:00,55.57621087093007,54.03432956341051
2025-10-04 04:05:00,59.74965048068677,56.1334474767203
2025-10-04 04:10:00,54.91226103499989,53.72716503320179
2025-10-04 04:15:00,56.20759776582676,54.38725970398239
2025-10-04 04:20:00,57.35804325490086,54.974922634941294
2025-10-04 04:25:00,56.24934709216793,54.43302847592901
2025-10-04 04:30:00,54.49664492082263,53.56914490328707
2025-10-04 04:35:00,56.55582056196048,54.61121368217544
2025-10-04 04:40:00,59.32315234672755,56.007373832648746
2025-10-04 04:45:00,53.14244654867397,52.92952834583447
2025-10-04 04:50:00,56.731597053290436,54.736624018702585
2025-10-04 04:55:00,54.33391709277526,53.550317321450514
2025-10-04 05:00:00,60.11184686358109,56.451828206277945
2025-10-04 05:05:00,52.0403539935525,52.428640340956946
2025-10-04 05:10:00,55.00708592484287,53.92457730029195
2025-10-04 05:15:00,57.88010601493043,55.373670616629084
2025-10-04 05:20:00,61.500301124850125,57.19636357397359
2025-10-04 05:25:00,56.65233862934737,54.78498971306813
2025-10-04 05:30:00,55.22041940148633,54.08164932369831
2025-10-04 05:35:00,62.55645689602989,57.76229898638408
2025-10-04 05:40:00,52.58642626526333,52.78992613029309
2025-10-04 05:45:00,50.34202688742213,51.68038029745591
2025-10-04 05:50:00,58.25694386295405,55.65050389089857
2025-10-04 05:55:00,55.41966153377153,54.244538934270174
2025-10-04 06:00:00,53.841510888171,53.46815077430393
2025-10-04 06:05:00,59.00012328269175,56.06015494174812
2025-10-04 06:10:00,57.56676271233179,55.35618328647538
2025-10-04 06:15:00,55.09390042814139,54.132471286280946
2025-10-04 06:20:00,52.88647960927719,53.04149038291112
2025-10-04 06:25:00,59.2765181481596,56.24924937464341
2025-10-04 06:30:00,58.53202057924899,55.88975038067609
2025-10-04 06:35:00,56.196703014803546,54.734851309008526
2025-10-04 06:40:00,61.93752748038115,57.61803302419358
2025-10-04 06:45:00,53.081354529247456,53.20272565454308
2025-10-04 06:50:00,51.59967068774182,52.474672314812224
2025-10-04 06:55:00,53.975847429496746,53.67555859331075
2025-10-04 07:00:00,55.78087454834403,54.590879238357445
2025-10-04 07:05:00,56.504499277438256,54.96550771784332
2025-10-04 07:10:00,54.898464692186074,54.175315420697764
2025-10-04 07:15:00,56.51693517591143,54.99738438972251
2025-10-04 07:20:00,51.53571591981616,52.51961707157343
2025-10-04 07:25:00,59.44223148733181,56.485725598937876
2025-10-04 07:30:00,54.676199348095395,54.115568557524014
2025-10-04 07:35:00,58.07744498297814,55.82905853857667
2025-10-04 07:40:00,55.5479093861942,54.57716588993306
2025-10-04 07:45:00,55.67552612136706,54.65385724405755
2025-10-04 07:50:00,55.79154878970458,54.72475925213053
2025-10-04 07:55:00,55.1938946561013,54.43883039710106
2025-10-04 08:00:00,55.53909901705318,54.62433817764572
2025-10-04 08:05:00,57.35029198817384,55.542847501928115
2025-10-04 08:10:00,53.696149554355934,53.728696212681065
2025-10-04 08:15:00,54.96930691417145,54.37820175940823
2025-10-04 08:20:00,52.30086988601886,53.05691690145907
2025-10-04 08:25:00,56.61039922376054,55.224621865849045
2025-10-04 08:30:00,49.97315182184744,51.91894494982346
2025-10-04 08:35:00,57.10986663419157,55.50025548029506
2025-10-04 08:40:00,51.28385205692139,52.60020750522327
2025-10-04 08:45:00,46.80197718437602,50.3722354216127
2025-10-04 08:50:00,51.161423839010794,52.56492999046743
2025-10-04 08:55:00,48.40973416658282,51.202062134385216
2025-10-04 09:00:00,52.643711031730234,53.332033135348574
2025-10-04 09:05:00,47.826057926257896,50.93619458886912
2025-10-04 09:10:00,48.10093601382829,51.08662692633445
2025-10-04 09:15:00,43.41997940910706,48.759147054582385
2025-10-04 09:20:00,47.37451170194172,50.74941661799178
2025-10-04 09:25:00,41.09649342418802,47.623415731897154
2025-10-04 09:30:00,43.24715619424677,48.71176005485863
2025-10-04 09:35:00,49.90503807544179,52.05371846785228
2025-10-04 09:40:00,49.60048663045003,51.91446460148673
2025-10-04 09:45:00,48.133282595039454,51.19388867287349
2025-10-04 09:50:00,43.564508644360856,48.92253186877441
2025-10-04 09:55:00,45.92570779652617,50.11616554739224
2025-10-04 10:00:00,45.656493318592545,49.994596191364145
2025-10-04 10:05:00,41.78589922184609,48.07234065540507
2025-10-04 10:10:00,49.36029509918572,51.872583585001074
2025-10-04 10:15:00,47.066891968408505,50.738930338053535
2025-10-04 10:20:00,43.35240101577355,48.89473635666252
2025-10-04 10:25:00,43.67241057590391,49.067795657079195
2025-10-04 10:30:00,43.789521543516365,49.13940853557222
2025-10-04 10:35:00,36.60814039696416,45.56177808020058
2025-10-04 10:40:00,41.55732957555857,48.0494353594758
2025-10-04 10:45:00,39.81516519691188,47.19141828103493
2025-10-04 10:50:00,38.415449834054094,46.50462798020037
2025-10-04 10:55:00,40.1333342774323,47.376639700981
2025-10-04 11:00:00,45.92335242536228,50.28472024129951
2025-10-04 11:05:00,42.004011808365426,48.338123215162234
2025-10-04 11:10:00,37.916870793261,46.30762765470683
2025-10-04 11:15:00,40.89501734714973,47.80977739219553
2025-10-04 11:20:00,42.920336780477356,48.83551493154831
2025-10-04 11:25:00,41.03951762288228,47.90818438626833
2025-10-04 11:30:00,37.986403618470604,46.39470747708079
2025-10-04 11:35:00,35.40735382586985,45.11826358196131
2025-10-04 11:40:00,38.98244794174806,46.91889239789696
2025-10-04 11:45:00,37.60701715990649,46.24425937043405
2025-10-04 11:50:00,38.65030019131026,46.778983703694955
2025-10-04 11:55:00,37.40797964906632,46.170906552868566
2025-10-04 12:00:00,38.18865814595802,46.57432907297901
2025-10-04 12:05:00,32.97183012129792,43.97899833231355
2025-10-04 12:10:00,38.06746166567596,46.539897224798146
2025-10-04 12:15:00,34.24623781043599,44.64236811473719
2025-10-04 12:20:00,39.41800461696847,47.24133388146131
2025-10-04 12:25:00,30.66427238674477,42.877549524345994
2025-10-04 12:30:00,37.4803789007857,46.29868378254736
2025-10-04 12:35:00,32.40811577624401,43.77563231329481
2025-10-04 12:40:00,29.40347551843734,42.286391217909035
2025-10-04 12:45:00,29.451073494755814,42.323268028757255
2025-10-04 12:50:00,29.48855031280769,42.35508289832751
2025-10-04 12:55:00,31.271014614641313,43.259389996341135
2025-10-04 13:00:00,31.118213619292817,43.19606278102804
2025-10-04 13:05:00,27.38226483209414,41.34115985378221
2025-10-04 13:10:00,28.586626359478306,41.956410116565834
2025-10-04 13:15:00,34.645693134930355,44.99901088488619
2025-10-04 13:20:00,32.96376778718181,44.17111332189439
2025-10-04 13:25:00,28.655626006785102,42.03010512167405
2025-10-04 13:30:00,27.02963731483086,41.2301708936014
2025-10-04 13:35:00,26.848340921234495,41.152580091490016
2025-10-04 13:40:00,27.905260380928738,41.694094341688626
2025-10-04 13:45:00,22.576817207723394,39.04292425001241
2025-10-04 13:50:00,24.457770193845732,39.996449061514646
2025-10-04 13:55:00,19.813254488943542,37.68723619998974
2025-10-04 14:00:00,25.610368431951624,40.59883468390793
2025-10-04 14:05:00,25.952745954156143,40.783061327948914
2025-10-04 14:10:00,22.16500353935335,38.90222422308269
2025-10-04 14:15:00,27.945050380185567,41.80527781473902
2025-10-04 14:20:00,19.159616856495532,37.42558714198606
2025-10-04 14:25:00,18.063081252361677,36.89034119604945
2025-10-04 14:30:00,22.75449079097601,39.24906343775275
2025-10-04 14:35:00,24.853163503761603,40.31141273207765
2025-10-04 14:40:00,26.400352414684683,41.09801544032142
2025-10-04 14:45:00,19.614745609449496,37.71821545469589
2025-10-04 14:50:00,23.87655618682129,39.86211917399034
2025-10-04 14:55:00,20.180544727332894,38.02710673792627
2025-10-04 15:00:00,19.440337715413563,37.669991238223325
2025-10-04 15:05:00,22.278090673452525,39.10185028563246
2025-10-04 15:10:00,21.259858040961866,38.605710949518894
2025-10-04 15:15:00,14.25652103831711,35.11701368973386
2025-10-04 15:20:00,23.105295140323257,39.554366093399054
2025-10-04 15:25:00,22.51322872698326,39.27129220029235
2025-10-04 15:30:00,16.20098316744623,36.12812254482338
2025-10-04 15:35:00,18.977363022900178,37.529259257481314
2025-10-04 15:40:00,18.992013589967648,37.54952483653419
2025-10-04 15:45:00,18.019725656065827,37.07631452571041
2025-10-04 15:50:00,15.32249849321224,35.74062781110302
2025-10-04 15:55:00,14.702295498409315,35.44344624136346
2025-10-04 16:00:00,16.39240704957513,36.30141485566843
2025-10-04 16:05:00,19.7474180817288,37.99182597181398
2025-10-04 16:10:00,17.62855351477538,36.945291900109446
2025-10-04 16:15:00,14.662890539835967,35.47535108654396
2025-10-04 16:20:00,17.87536278488397,37.09447019560602
2025-10-04 16:25:00,6.80881464989603,31.57407127786042
2025-10-04 16:30:00,18.603644217843225,37.4843532254453
2025-10-04 16:35:00,9.74992098855365,33.07035063900486
2025-10-04 16:40:00,13.702342983403147,35.05941238003623
2025-10-04 16:45:00,11.260221329753076,33.851193863109735
2025-10-04 16:50:00,10.573782707082243,33.52080827893638
2025-10-04 16:55:00,17.78799943266539,37.14074163720849
2025-10-04 17:00:00,12.75926379865382,34.63918993514148
2025-10-04 17:05:00,15.067940006051682,35.806335124463466
2025-10-04 17:10:00,13.762992062846411,35.166659060481884
2025-10-04 17:15:00,15.21951365344348,35.90770843680238
2025-10-04 17:20:00,13.91284918094264,35.267155306468304
2025-10-04 17:25:00,9.736792721292606,33.19189655903954
2025-10-04 17:30:00,16.48738341296841,36.579951615432606
2025-10-04 17:35:00,11.939584087196897,34.31880174303483
2025-10-04 17:40:00,8.68286149873088,32.70318017109292
2025-10-04 17:45:00,12.009518196750701,34.3792380261651
2025-10-04 17:50:00,17.74691880088475,37.26065747013289
2025-10-04 17:55:00,15.755611285546788,36.27771234237115
2025-10-04 18:00:00,12.12883425721328,34.47702179838821
2025-10-04 18:05:00,12.106402680215337,34.47849317272327
2025-10-04 18:10:00,12.178194333553801,34.52706520735535
2025-10-04 18:15:00,19.37179919340015,38.136532742955225
2025-10-04 18:20:00,14.295338390182598,35.61095619742987
2025-10-04 18:25:00,14.45713925386508,35.70449908856341
2025-10-04 18:30:00,16.284832380529583,36.63097656730965
2025-10-04 18:35:00,13.946778064513213,35.47456863386216
2025-10-04 18:40:00,12.499144525390797,34.76335925114686
2025-10-04 18:45:00,12.742480063008188,34.89762242234023
2025-10-04 18:50:00,13.181344755100167,35.12963803967958
2025-10-04 18:55:00,13.358418582566644,35.23074594710262
2025-10-04 19:00:00,15.73618165410436,36.43218605256478
2025-10-04 19:05:00,13.801558119829092,35.47742028485166
2025-10-04 19:10:00,15.945232200796916,36.56179060834109
2025-10-04 19:15:00,13.6158578127671,35.40962383488606
2025-10-04 19:20:00,14.213648473800058,35.721026577615056
2025-10-04 19:25:00,8.111847363138107,32.682620280373854
2025-10-04 19:30:00,16.993037259633212,37.135696186940855
2025-10-04 19:35:00,15.429945704995106,36.366617922652516
2025-10-04 19:40:00,17.539676603827672,37.433937294422975
2025-10-04 19:45:00,6.020700676903174,31.68688951738257
2025-10-04 19:50:00,21.14697648218143,39.262453725388866
2025-10-04 19:55:00,14.643940474138155,36.02334800069217
2025-10-04 20:00:00,18.57648863041474,38.00202018726189
2025-10-04 20:05:00,12.32972547540686,34.89102240258224
2025-10-04 20:10:00,17.49343480388726,37.48524639946499
2025-10-04 20:15:00,12.708593613331963,35.10518053221406
2025-10-04 20:20:00,14.21920482279939,35.87282611606637
2025-10-04 20:25:00,22.062104394794353,39.80660098812534
2025-10-04 20:30:00,15.985168312428822,36.780442995942636
2025-10-04 20:35:00,17.454301542064385,37.52730447884077
2025-10-04 20:40:00,19.66444782716986,38.64465716484335
2025-10-04 20:45:00,18.800854861306647,38.22512475716913
2025-10-04 20:50:00,18.031818398890167,37.852854989614116
2025-10-04 20:55:00,18.949246768287445,38.32380188310177
2025-10-04 21:00:00,25.34532051243218,41.53405556599192
2025-10-04 21:05:00,18.249690333914234,37.99844124662692
2025-10-04 21:10:00,19.3199316561454,38.54574649391586
2025-10-04 21:15:00,22.1691490347088,39.98252344301073
2025-10-04 21:20:00,22.640624171886476,40.23041280257158
2025-10-04 21:25:00,23.198149680123617,40.52131073649997
2025-10-04 21:30:00,21.87225344006085,39.87048104295656
2025-10-04 21:35:00,16.851880586346233,37.37239614726843
2025-10-04 21:40:00,25.51168517365652,41.71438293494117
2025-10-04 21:45:00,17.50834383392878,37.72477958027596
2025-10-04 21:50:00,22.196598912398958,40.080957114390316
2025-10-04 21:55:00,19.372326903894482,38.68085364336575
2025-10-04 22:00:00,21.794174716557006,39.903792480110475
2025-10-04 22:05:00,23.329107235643427,40.68325592626134
2025-10-04 22:10:00,23.667736160805745,40.86454969082506
2025-10-04 22:15:00,24.33470268405752,41.209994229162895
2025-10-04 22:20:00,28.27959657615192,43.194384286180984
2025-10-04 22:25:00,25.1726475012855,41.652834553683604
2025-10-04 22:30:00,23.457027123175372,40.80693072341313
2025-10-04 22:35:00,27.462890870147362,42.821750369595485
2025-10-04 22:40:00,28.523660637513586,43.36400430013027
2025-10-04 22:45:00,21.660338922914022,39.94419362426289
2025-10-04 22:50:00,27.526373540608688,42.889042109732046
2025-10-04 22:55:00,28.23160320224837,43.25346897315641
2025-10-04 23:00:00,25.63200834467222,41.965464293934815
2025-10-04 23:05:00,31.05093569482404,44.68670129670571
2025-10-04 23:10:00,26.875066527195546,42.61052048007015
2025-10-04 23:15:00,28.105480350732094,43.23746146004603
2025-10-04 23:20:00,27.614949942503653,43.003910486904886
2025-10-04 23:25:00,28.58800987630434,43.502134709473026
2025-10-04 23:30:00,25.661043067300053,42.05032544745666
2025-10-04 23:35:00,25.03959424431971,41.75125492758893
2025-10-04 23:40:00,34.55421771731478,46.52020016736088
2025-10-04 23:45:00,27.641644797755458,43.07552668522105
2025-10-04 23:50:00,27.620842001801662,43.07671760216215
2025-10-04 23:55:00,24.547795725355694,41.55176597924881
2025-10-05 00:00:00,29.50427736575589,44.04155737846574
2025-10-05 00:05:00,27.865131916807332,43.23351416023435
2025-10-05 00:10:00,37.173520229669414,47.899216613857924
2025-10-05 00:15:00,35.689626950440775,47.16875692631539
2025-10-05 00:20:00,31.007845975054014,44.83933190970997
2025-10-05 00:25:00,40.24093935980679,49.467322456536074
2025-10-05 00:30:00,36.83927054737636,47.77791015268791
2025-10-05 00:35:00,33.328623385170545,46.03398678663623
2025-10-05 00:40:00,27.21263983518624,42.98737320435893
2025-10-05 00:45:00,41.98981551341938,50.38731707904738
2025-10-05 00:50:00,31.352588746120965,45.080037439235646
2025-10-05 00:55:00,30.987412837845966,44.90876080282637
2025-10-05 01:00:00,39.391405915348656,49.122046099039636
2025-10-05 01:05:00,44.04061909039157,51.45791874981883
2025-10-05 01:10:00,41.26922956569874,50.08346722280851
2025-10-05 01:15:00,39.20037123846455,49.06025833311014
2025-10-05 01:20:00,39.682126105296035,49.3123329457546
2025-10-05 01:25:00,40.84411975282111,49.904503721007494
2025-10-05 01:30:00,40.94326554560965,49.96522720833103
2025-10-05 01:35:00,39.88906500248568,49.44925403454141
2025-10-05 01:40:00,39.733318535576664,49.382484273334775
2025-10-05 01:45:00,39.604184980418026,49.32899721034073
2025-10-05 01:50:00,37.89715740780656,48.486539249050324
2025-10-05 01:55:00,39.67976544995319,49.3888750738937
2025-10-05 02:00:00,35.80112955741388,47.46056477870694
2025-10-05 02:05:00,40.93847954844947,50.04022314141307
2025-10-05 02:10:00,38.616334206462376,48.89010942274184
2025-10-05 02:15:00,38.6148832562794,48.900318354372345
2025-10-05 02:20:00,42.8036382667645,51.00560559024068
2025-10-05 02:25:00,46.77285706404184,53.001099913152714
2025-10-05 02:30:00,45.67911566010628,52.46508919909067
2025-10-05 02:35:00,38.534235051206416,48.90348381640582
2025-10-05 02:40:00,40.59251575022476,49.94343389200987
2025-10-05 02:45:00,46.69330902989121,53.004614932982996
2025-10-05 02:50:00,41.22690324133123,50.28217098584911
2025-10-05 02:55:00,43.79745620656575,51.57818083282716
2025-10-05 03:00:00,46.411971155651244,52.8961459604023
2025-10-05 03:05:00,42.14056148462941,50.7711229383021
2025-10-05 03:10:00,45.63867717117211,52.53083662732018
2025-10-05 03:15:00,41.590464080771355,50.51735983241246
2025-10-05 03:20:00,44.0513232918683,51.75839296526295
2025-10-05 03:25:00,47.07041847156863,53.2785177321426
2025-10-05 03:30:00,41.58036721305095,50.544042802614825
2025-10-05 03:35:00,47.92154971572433,53.72515814961543
2025-10-05 03:40:00,46.774366175320395,53.162063744499896
2025-10-05 03:45:00,48.71615977910632,54.143431054651174
2025-10-05 03:50:00,47.94798193737485,53.769785659225846
2025-10-05 03:55:00,51.578236488513966,55.595329351690225
2025-10-05 04:00:00,48.06298100299625,53.84809079181623
2025-10-05 04:05:00,46.59239426278796,53.123159245387185
2025-10-05 04:10:00,48.432516265612364,54.05355458633065
2025-10-05 04:15:00,49.87214254927338,54.783674458881464
2025-10-05 04:20:00,48.55697158819966,54.13636797585505
2025-10-05 04:25:00,48.691738012147994,54.21400232800029
2025-10-05 04:30:00,46.614902625007396,53.18580779340273
2025-10-05 04:35:00,46.87435156283051,53.325727316501556
2025-10-05 04:40:00,44.78859987797117,52.29301830015953
2025-10-05 04:45:00,54.36961914721885,57.09366640973147
2025-10-05 04:50:00,45.50481563445863,52.67137465439534
2025-10-05 04:55:00,47.26418501069504,53.561140747165425
2025-10-05 05:00:00,47.285092873338755,53.581647364536884
2025-10-05 05:05:00,52.2133649803314,56.05580726354927
2025-10-05 05:10:00,48.72283179409258,54.32053555376129
2025-10-05 05:15:00,53.42076091310175,56.679465913042904
2025-10-05 05:20:00,47.717639084257776,53.83784159375627
2025-10-05 05:25:00,50.626354053391644,55.30210634801331
2025-10-05 05:30:00,47.32524177760973,53.661428033848466
2025-10-05 05:35:00,56.29926334262051,58.15828707388328
2025-10-05 05:40:00,46.324150756825894,53.180549352373184
2025-10-05 05:45:00,50.83011511635698,55.44332029772658
2025-10-05 05:50:00,51.806251914495576,55.94114753721672
2025-10-05 05:55:00,51.14113708166099,55.618318916976335
2025-10-05 06:00:00,49.329239004779545,54.72206851168344
2025-10-05 06:05:00,49.47154372055731,54.80288922119895
2025-10-05 06:10:00,49.95888822191902,55.05619942378724
2025-10-05 06:15:00,49.34344696566002,54.7580862299433
2025-10-05 06:20:00,52.623652219878245,56.407765656109824
2025-10-05 06:25:00,56.3017245838379,58.25634788461022
2025-10-05 06:30:00,47.926420333122635,54.078210936226355
2025-10-05 06:35:00,45.408851349854196,52.828910635308986
2025-10-05 06:40:00,49.163432818325006,54.7156544575952
2025-10-05 06:45:00,57.06811378560669,58.67741681051378
2025-10-05 06:50:00,46.809395533666795,53.55744821924475
2025-10-05 06:55:00,54.01997273852535,57.172095906298715
2025-10-05 07:00:00,54.00874485522949,57.17580948400535
2025-10-05 07:05:00,47.17876657141911,53.7701161812973
2025-10-05 07:10:00,50.40129437242455,55.390644126260185
2025-10-05 07:15:00,53.42533430828703,56.91189622964386
2025-10-05 07:20:00,47.23961081678711,53.828234596377854
2025-10-05 07:25:00,47.59422197764883,54.01470815267446
2025-10-05 07:30:00,46.27908212885977,53.3662739541899
2025-10-05 07:35:00,44.79028688493048,52.630979695155176
2025-10-05 07:40:00,45.68850882567529,53.08916155276749
2025-10-05 07:45:00,43.757743152196454,52.13281701518351
2025-10-05 07:50:00,47.316564992185505,53.92123353417105
2025-10-05 07:55:00,44.68076777067702,52.61230771048711
2025-10-05 08:00:00,47.46013843335186,54.010932905530524
2025-10-05 08:05:00,41.851009438699,51.215275237424024
2025-10-05 08:10:00,47.26318120888616,53.93023480645055
2025-10-05 08:15:00,48.51500987052868,54.56498956543884
2025-10-05 08:20:00,39.76925057322602,50.20091697903274
2025-10-05 08:25:00,46.60093123706966,53.625530897446176
2025-10-05 08:30:00,48.88246322295916,54.775036891622285
2025-10-05 08:35:00,41.28374343191723,50.98438330289203
2025-10-05 08:40:00,49.63623784203199,55.16930301144636
2025-10-05 08:45:00,45.57420781346012,53.146926588838845
2025-10-05 08:50:00,41.89365666138058,51.315255584463635
2025-10-05 08:55:00,43.525976613103765,52.13998600411101
2025-10-05 09:00:00,45.04604854943061,52.90855818064804
2025-10-05 09:05:00,43.27020574649594,52.029138644941305
2025-10-05 09:10:00,44.32306575370505,52.564036064826176
2025-10-05 09:15:00,39.603023426281204,50.21244776138167
2025-10-05 09:20:00,42.52516617324184,51.68191733291951
2025-10-05 09:25:00,37.42193060039432,49.138662976483126
2025-10-05 09:30:00,40.96949793076707,50.92077519806416
2025-10-05 09:35:00,38.225830422279756,49.55723502143866
2025-10-05 09:40:00,38.35978229065887,49.6324694496258
2025-10-05 09:45:00,43.89808096568313,52.4098420930117
2025-10-05 09:50:00,43.08194328120206,52.00996126435967
2025-10-05 09:55:00,41.24859504344548,51.10143976296598
2025-10-05 10:00:00,35.75254298768401,48.36153085299114
2025-10-05 10:05:00,37.68386828061075,49.335275014651685
2025-10-05 10:10:00,41.87149199653701,51.437132682319124
2025-10-05 10:15:00,38.25213117365025,49.63546227264986
2025-10-05 10:20:00,44.37561229960085,52.70517692737956
2025-10-05 10:25:00,38.18426960021166,49.617443657678955
2025-10-05 10:30:00,37.1633943479403,49.11490799838597
2025-10-05 10:35:00,35.23925821893229,48.16070568653326
2025-10-05 10:40:00,36.14321355118289,48.62051279043012
2025-10-05 10:45:00,34.857981722131846,47.98568989846081
2025-10-05 10:50:00,37.0095309306434,49.0692210100756
2025-10-05 10:55:00,37.32233635642657,49.233343615501816
2025-10-05 11:00:00,31.658695289072092,46.40920626026331
2025-10-05 11:05:00,29.585009023539772,45.38000949292509
2025-10-05 11:10:00,27.629947289422056,44.41008807972608
2025-10-05 11:15:00,34.22040666284413,47.712890210530105
2025-10-05 11:20:00,28.942419303627222,45.081431867408504
2025-10-05 11:25:00,25.34835525094733,43.29189797247046
2025-10-05 11:30:00,32.52589730560133,46.88812982899698
2025-10-05 11:35:00,38.39112683646098,49.828168024668855
2025-10-05 11:40:00,30.44492103767127,45.86245106016677
2025-10-05 11:45:00,32.52885713826373,46.91176745397889
2025-10-05 11:50:00,29.808576740302268,45.55893791147471
2025-10-05 11:55:00,28.815783910188987,45.06981437055891
2025-10-05 12:00:00,31.41891462428303,46.378614724481665
2025-10-05 12:05:00,27.34016979196417,44.34643933337143
2025-10-05 12:10:00,28.56276240207029,44.96489459745452
2025-10-05 12:15:00,28.275762442770475,44.828515416992616
2025-10-05 12:20:00,24.8571803011154,43.12630689205887
2025-10-05 12:25:00,29.389267669529968,45.39939477578514
2025-10-05 12:30:00,25.4410634826004,43.43229844275637
2025-10-05 12:35:00,23.25282893677418,42.34514839886157
2025-10-05 12:40:00,26.685240905143406,44.06828298868631
2025-10-05 12:45:00,21.937684760721872,41.70139480715218
2025-10-05 12:50:00,24.276944170755023,42.87787559667265
2025-10-05 12:55:00,23.726493765955993,42.609462581771986
2025-10-05 13:00:00,26.575327997777627,44.040652897722154
2025-10-05 13:05:00,24.30806837534527,42.91375720901004
2025-10-05 13:10:00,22.377967180459066,41.955401566839555
2025-10-05 13:15:00,24.478362240866744,43.012254795768825
2025-10-05 13:20:00,25.7708397233801,43.665109890269335
2025-10-05 13:25:00,22.85213625780301,42.2123350766908
2025-10-05 13:30:00,20.791780522635726,41.18869460611416
2025-10-05 13:35:00,16.410953242144767,39.00477875288741
2025-10-05 13:40:00,16.740773333069974,39.17614688797994
2025-10-05 13:45:00,18.614195029213587,40.119276041277956
2025-10-05 13:50:00,17.29937720709115,39.468245564410736
2025-10-05 13:55:00,18.16951983708435,39.90965535632797
2025-10-05 14:00:00,18.50756203153147,40.0849748873457
2025-10-05 14:05:00,19.53870874629255,40.6068065499299
2025-10-05 14:10:00,17.35517096224136,39.52125574944312
2025-10-05 14:15:00,18.648404148061168,40.174050135543304
2025-10-05 14:20:00,17.00992357328495,39.36094725870472
2025-10-05 14:25:00,10.52324250152473,36.12370366683337
2025-10-05 14:30:00,13.270487618305198,37.50338261918469
2025-10-05 14:35:00,15.300958747489009,38.524633944577
2025-10-05 14:40:00,11.754904346238153,36.75758178887293
2025-10-05 14:45:00,16.84074216304057,39.30643494399364
2025-10-05 14:50:00,19.296533886589017,40.54022417235894
2025-10-05 14:55:00,18.03040517145133,39.913012219723306
2025-10-05 15:00:00,13.410293771195589,37.60876788173921
2025-10-05 15:05:00,18.206116699829014,40.01244958467738
2025-10-05 15:10:00,13.87021509634683,37.85022781770196
2025-10-05 15:15:00,12.11032989605586,36.97597296853318
2025-10-05 15:20:00,10.985994330676045,36.419451573498804
2025-10-05 15:25:00,11.630782571948545,36.74745063933901
2025-10-05 15:30:00,11.093157183773092,36.4842013692758
2025-10-05 15:35:00,12.49606737795718,37.19117829088841
2025-10-05 15:40:00,12.201431559357903,37.0493405286849
2025-10-05 15:45:00,11.471619532085262,36.68987290720467
2025-10-05 15:50:00,12.524066190445264,37.22149279649069
2025-10-05 15:55:00,14.544072705659481,38.23685070545005
2025-10-05 16:00:00,13.587900292790795,37.76407716531759
2025-10-05 16:05:00,6.059975731930353,34.00538549025008
2025-10-05 16:10:00,5.0,32.29900996586485
2025-10-05 16:15:00,12.893880201701574,37.43275245153203
2025-10-05 16:20:00,5.791295520054727,33.886604082010386
2025-10-05 16:25:00,9.027358346166153,35.50973710596651
2025-10-05 16:30:00,6.009836052508635,34.006035135798086
2025-10-05 16:35:00,5.0,32.976950650801996
2025-10-05 16:40:00,10.808320035193907,36.41526788444809
2025-10-05 16:45:00,11.306784287236667,36.66943144550292
2025-10-05 16:50:00,7.154273759950905,34.59806489142766
2025-10-05 16:55:00,5.0,31.512938017923346
2025-10-05 17:00:00,6.981596194415113,34.5213750647306
2025-10-05 17:05:00,9.677896476476851,35.874285309971214
2025-10-05 17:10:00,5.0,33.01867257563947
2025-10-05 17:15:00,8.844917791484146,35.46718707563643
2025-10-05 17:20:00,8.159197304122163,35.12895769611843
2025-10-05 17:25:00,9.862750911220065,35.98532214472402
2025-10-05 17:30:00,8.412861785330147,35.26492193888313
2025-10-05 17:35:00,5.073682319021401,33.59983320645447
2025-10-05 17:40:00,11.530921296585564,36.83291027157929
2025-10-05 17:45:00,7.423505400820142,34.78361640807351
2025-10-05 17:50:00,7.784653484004605,34.96856097491653
2025-10-05 17:55:00,5.043833316579035,33.60247779059112
2025-10-05 18:00:00,6.500464567401279,34.335076623212736
2025-10-05 18:05:00,5.1721837390078464,33.67517565816056
2025-10-05 18:10:00,7.31363856005021,34.750098694296284
2025-10-05 18:15:00,12.983084673020162,37.58897348782748
2025-10-05 18:20:00,5.0,32.980201304685515
2025-10-05 18:25:00,5.0,32.63909452096169
2025-10-05 18:30:00,12.365368980882515,37.29230687750231
2025-10-05 18:35:00,7.377602903216897,34.80239937959459
2025-10-05 18:40:00,6.061568200659345,34.14831336188804
2025-10-05 18:45:00,11.261175803510433,36.7520042270618
2025-10-05 18:50:00,6.406715124011294,34.32861661919536
2025-10-05 18:55:00,13.793072953181106,38.02559387218779
2025-10-05 19:00:00,10.449638529536688,36.35763054411823
2025-10-05 19:05:00,7.062227392443932,34.66763434392216
2025-10-05 19:10:00,15.117214744165754,38.69879281241598
2025-10-05 19:15:00,6.956641446354768,34.62212632054394
2025-10-05 19:20:00,11.137671581605654,36.716216850154865
2025-10-05 19:25:00,9.955896821013088,36.12886017778175
2025-10-05 19:30:00,13.118837892857762,37.71381660898531
2025-10-05 19:35:00,14.062626633688861,38.189152003895806
2025-10-05 19:40:00,9.647387140361232,35.984928353232156
2025-10-05 19:45:00,7.47311977173792,34.90114577915383
2025-10-05 19:50:00,11.303915843420352,36.81984988262644
2025-10-05 19:55:00,8.09001291749723,35.21615938829677
2025-10-05 20:00:00,16.370916180449022,39.35982683344553
2025-10-05 20:05:00,10.956289886961294,36.65568428989464
2025-10-05 20:10:00,9.674877061715321,36.018103214903
2025-10-05 20:15:00,11.557159268597808,36.9623243357719
2025-10-05 20:20:00,7.2020215566407115,34.78779012281552
2025-10-05 20:25:00,8.576728680416782,35.478132899559164
2025-10-05 20:30:00,15.348750332568546,38.86708745900427
2025-10-05 20:35:00,10.04040651777853,36.21581375061409
2025-10-05 20:40:00,9.141451981715491,35.769189094787286
2025-10-05 20:45:00,14.170621953319827,38.28658105400115
2025-10-05 20:50:00,16.403503006965906,39.40578286389327
2025-10-05 20:55:00,15.296086886738056,38.85479034540003
2025-10-05 21:00:00,16.427174130602797,39.42300371684323
2025-10-05 21:05:00,11.475272501193942,36.94967680932312
2025-10-05 21:10:00,9.793526699836063,36.11138192373061
2025-10-05 21:15:00,18.882783358914025,40.65854232693254
2025-10-05 21:20:00,13.73693482807143,38.08810414487137
2025-10-05 21:25:00,14.28487795603294,38.36451575347683
2025-10-05 21:30:00,19.36041237864428,40.90467692268637
2025-10-05 21:35:00,17.38885994691121,39.92124853046512
2025-10-05 21:40:00,17.437894190610642,39.94806729461194
2025-10-05 21:45:00,22.92085114708226,42.69180118715561
2025-10-05 21:50:00,14.856283634440773,38.66172657096152
2025-10-05 21:55:00,19.936560073145145,41.20402761051664
2025-10-05 22:00:00,17.695311316829894,40.08551968734565
2025-10-05 22:05:00,18.706133310484315,40.593000729101
2025-10-05 22:10:00,22.866517685862707,42.675216507268445
2025-10-05 22:15:00,20.189863951638298,41.33886673224443
2025-10-05 22:20:00,20.670792389064985,41.58126150116743
2025-10-05 22:25:00,22.667089670895386,42.58129410737734
2025-10-05 22:30:00,18.75229994461849,40.62573658203475
2025-10-05 22:35:00,17.7308556765259,40.116805116154474
2025-10-05 22:40:00,17.518927081923387,40.01258477571176
2025-10-05 22:45:00,15.162504047654284,38.83607046290434
2025-10-05 22:50:00,27.641567699529194,45.077252699867735
2025-10-05 22:55:00,18.577649767189865,40.546897311107564
2025-10-05 23:00:00,21.640599964301536,42.07992911359611
2025-10-05 23:05:00,21.893564408817312,42.20792112690489
2025-10-05 23:10:00,24.06822429123335,43.29671390733265
2025-10-05 23:15:00,26.0173699760727,44.272702598647655
2025-10-05 23:20:00,26.577684049449832,44.5542284558703
2025-10-05 23:25:00,22.674883589018314,42.60414998024737
2025-10-05 23:30:00,24.352145339705785,43.44405550711985
2025-10-05 23:35:00,26.131981656293014,44.33520117721281
2025-10-05 23:40:00,24.970030396638396,43.755405883248066
2025-10-05 23:45:00,30.970926525246128,46.75698707172856
2025-10-05 23:50:00,28.055317734996798,45.30026855380401
2025-10-05 23:55:00,29.22103909406293,45.88416782872907
2025-10-06 00:00:00,29.439364684183975,45.99432190300111
2025-10-06 00:05:00,31.40555229309242,46.978359636573614
2025-10-06 00:10:00,28.862492352218464,45.707726211708895
2025-10-06 00:15:00,24.86290841146862,43.70878337036767
2025-10-06 00:20:00,30.38591702101798,46.47108935510551
2025-10-06 00:25:00,27.665496728827602,45.1116334078319
2025-10-06 00:30:00,28.465490340175272,45.51233689957587
2025-10-06 00:35:00,32.24105803674629,47.40077989003176
2025-10-06 00:40:00,34.62608788915405,48.59390638381974
2025-10-06 00:45:00,31.402768366498474,46.98281058526539
2025-10-06 00:50:00,32.69140585612503,47.62764565827945
2025-10-06 00:55:00,37.2955398913376,49.930181340214595
2025-10-06 01:00:00,33.33297570818324,47.949320220258066
2025-10-06 01:05:00,40.83521838974927,51.70081481158048
2025-10-06 01:10:00,35.14358269047107,48.85532246349004
2025-10-06 01:15:00,28.578883341862152,45.57325051429784
2025-10-06 01:20:00,36.53235019970486,49.550213864913474
2025-10-06 01:25:00,35.823794206682265,49.196117960161196
2025-10-06 01:30:00,38.95421672436763,50.76146345477499
2025-10-06 01:35:00,37.50559495741144,50.03723892549232
2025-10-06 01:40:00,35.46803749429545,49.01849864143133
2025-10-06 01:45:00,32.60393827466214,47.58643954775593
2025-10-06 01:50:00,36.03907655080544,49.30395124642129
2025-10-06 01:55:00,34.49959891108228,48.534107007879946
2025-10-06 02:00:00,35.69012138833452,49.129214825292905
2025-10-06 02:05:00,39.573295007301354,51.07060018823614
2025-10-06 02:10:00,43.188299299208396,52.87785283999533
2025-10-06 02:15:00,39.72860799649648,51.14770962493047
2025-10-06 02:20:00,35.31775959678484,48.94193977045769
2025-10-06 02:25:00,40.59466856070424,51.580000485966
2025-10-06 02:30:00,43.20067442637325,52.882561520055674
2025-10-06 02:35:00,38.12565221904447,50.34456036536153
2025-10-06 02:40:00,39.89130862771029,51.226850346856
2025-10-06 02:45:00,40.66976164759318,51.615490443094494
2025-10-06 02:50:00,38.597159220781144,50.578554606533274
2025-10-06 02:55:00,43.21651812634537,52.887551208588484
2025-10-06 03:00:00,41.22216907897523,51.889645588953826
2025-10-06 03:05:00,43.150313190692984,52.85293828645809
2025-10-06 03:10:00,39.52916209551932,51.041535101398054
2025-10-06 03:15:00,41.172265007005244,51.862210624304645
2025-10-06 03:20:00,44.93772518220879,53.7440164679314
2025-10-06 03:25:00,41.930827592768004,52.23959510279115
2025-10-06 03:30:00,48.50163757011359,55.52397917976246
2025-10-06 03:35:00,42.385801273795074,52.4649917642529
2025-10-06 03:40:00,44.51514808211803,53.52854753151774
2025-10-06 03:45:00,46.88754980049401,54.713582370835105
2025-10-06 03:50:00,40.07554560788706,51.30636585872931
2025-10-06 03:55:00,39.28115051638828,50.90790548875831
2025-10-06 04:00:00,40.21150116016666,51.37176956598923
2025-10-06 04:05:00,48.79296880590386,55.66114371221585
2025-10-06 04:10:00,43.558139846763844,53.04232111294356
2025-10-06 04:15:00,53.08846345527248,57.80602634382926
2025-10-06 04:20:00,43.91283378671548,53.2167064723804
2025-10-06 04:25:00,46.34241135520817,54.42994174599002
2025-10-06 04:30:00,50.58965235775115,56.55196025396466
2025-10-06 04:35:00,52.147468869314835,57.32921802506666
2025-10-06 04:40:00,52.470793933438145,57.489181572813685
2025-10-06 04:45:00,50.05962705295258,56.28185064084076
2025-10-06 04:50:00,49.64604437658035,56.073263296199464
2025-10-06 04:55:00,48.48178477554053,55.48928896766105
2025-10-06 05:00:00,49.16059270639729,55.82679987714064
2025-10-06 05:05:00,45.28416037894499,53.886642123639824
2025-10-06 05:10:00,44.58617988184646,53.53566174606587
2025-10-06 05:15:00,47.124515972001234,54.80279111791588
2025-10-06 05:20:00,46.70870937266124,54.5928005963347
2025-10-06 05:25:00,45.934925790574304,54.2037730306867
2025-10-06 05:30:00,49.44980796071888,55.959029784923175
2025-10-06 05:35:00,50.28325656129718,56.373521195078965
2025-10-06 05:40:00,47.7298916959007,55.09455731035523
2025-10-06 05:45:00,51.93520581520913,57.19488435396893
2025-10-06 05:50:00,44.106091359921244,53.27794854461832
2025-10-06 05:55:00,46.96931073154812,54.70713108187951
2025-10-06 06:00:00,45.40953303819159,53.92476651909579
2025-10-06 06:05:00,41.96067925816809,52.1978153451895
2025-10-06 06:10:00,47.303116644793676,54.866461187054526
2025-10-06 06:15:00,47.167373046893495,54.79596796981111
2025-10-06 06:20:00,52.04502026675156,57.232121595780654
2025-10-06 06:25:00,49.35977598924999,55.88678090905536
2025-10-06 06:30:00,44.348085145361125,53.37816837724429
2025-10-06 06:35:00,52.926887637558686,57.664753954178884
2025-10-06 06:40:00,50.962364326812065,56.679628073410115
2025-10-06 06:45:00,48.97093245463995,55.680999359235244
2025-10-06 06:50:00,46.46132423556392,54.423233922924595
2025-10-06 06:55:00,44.169399817760144,53.2742618430474
2025-10-06 07:00:00,45.828889149684244,54.100948098784116
2025-10-06 07:05:00,50.10044978704957,56.23362147341557
2025-10-06 07:10:00,52.36761571694979,57.36404896638418
2025-10-06 07:15:00,51.214258945989755,56.78416658735935
2025-10-06 07:20:00,44.97973493817012,53.66365207517967
2025-10-06 07:25:00,42.94033790497043,52.64065254289446
2025-10-06 07:30:00,46.565981240781184,54.45012469547968
2025-10-06 07:35:00,40.67343934892849,51.500455742850185
2025-10-06 07:40:00,46.77507972524204,54.54782944164368
2025-10-06 07:45:00,45.181057839371704,53.74732353587887
2025-10-06 07:50:00,44.03560477883644,53.17105357897987
2025-10-06 07:55:00,40.451107293821984,51.37521295617491
2025-10-06 08:00:00,46.569270423586154,54.43065419769898
2025-10-06 08:05:00,43.215474433344866,52.7500674472366
2025-10-06 08:10:00,41.080892299555344,51.67903920456345
2025-10-06 08:15:00,35.74299066502979,49.00630280310299
2025-10-06 08:20:00,44.03854918971046,53.150248085313955
2025-10-06 08:25:00,49.19146462064818,55.72282343767945
2025-10-06 08:30:00,48.60452366005698,55.42542222473415
2025-10-06 08:35:00,41.98803827928457,52.11320044604943
2025-10-06 08:40:00,41.283944927640206,51.75712634064711
2025-10-06 08:45:00,44.22096267620054,53.22155945890229
2025-10-06 08:50:00,39.53648231136083,50.87519520931881
2025-10-06 08:55:00,43.14709155843029,52.67632747032675
2025-10-06 09:00:00,44.24325435995262,53.22018822944253
2025-10-06 09:05:00,45.322476496466805,53.755530393649195
2025-10-06 09:10:00,41.031391930588,51.605670961436694
2025-10-06 09:15:00,40.40467581287468,51.28794752573524
2025-10-06 09:20:00,38.059412367459444,50.11090221673059
2025-10-06 09:25:00,37.88435986988302,50.01891419078081
2025-10-06 09:30:00,39.35134329073181,50.747895952234956
2025-10-06 09:35:00,40.792957076492456,51.46414474386011
2025-10-06 09:40:00,42.08616266159012,52.10614130286033
2025-10-06 09:45:00,36.58505655498661,49.350933904175534
2025-10-06 09:50:00,43.11665149303278,52.61202893690752
2025-10-06 09:55:00,37.46418899091174,49.781047180041334
2025-10-06 10:00:00,37.84758985470342,49.96794905847735
2025-10-06 10:05:00,35.29952523626664,48.68907017047212
2025-10-06 10:10:00,29.893425541844742,45.981125741940936
2025-10-06 10:15:00,39.43896917261356,50.74895499673164
2025-10-06 10:20:00,38.61393713752413,50.33144846304567
2025-10-06 10:25:00,35.172068232247035,48.605475562910115
2025-10-06 10:30:00,35.82593061379412,48.92732039948824
2025-10-06 10:35:00,36.77813670514622,49.39828920939317
2025-10-06 10:40:00,30.144687765731746,46.07638264792691
2025-10-06 10:45:00,32.84401358729083,47.42081563701219
2025-10-06 10:50:00,36.409847792441894,49.198455014475456
2025-10-06 10:55:00,29.857300777700463,45.91685600555607
2025-10-06 11:00:00,34.09138996621741,48.028527349275144
2025-10-06 11:05:00,28.729149643561577,45.34198621632659
2025-10-06 11:10:00,33.784196765628764,47.86404111303132
2025-10-06 11:15:00,31.862029189397756,46.89744099671503
2025-10-06 11:20:00,26.705843227136665,44.31378405281105
2025-10-06 11:25:00,34.62618404385271,48.26834289358498
2025-10-06 11:30:00,28.50756565503044,45.203374557003464
2025-10-06 11:35:00,27.858810099160067,44.87329009299814
2025-10-06 11:40:00,30.468560757453005,46.172411223323024
2025-10-06 11:45:00,32.889316303622294,47.376987316444506
2025-10-06 11:50:00,25.971962219172273,43.91246114518581
2025-10-06 11:55:00,28.780170270180342,45.31066862511758
2025-10-06 12:00:00,29.45717037917344,45.64322475049584
2025-10-06 12:05:00,29.825722557703035,45.821509560549124
2025-10-06 12:10:00,27.851717545913697,44.82846845926247
2025-10-06 12:15:00,25.797806279936232,43.795426949073615
2025-10-06 12:20:00,23.993333113242926,42.88705724155033
2025-10-06 12:25:00,26.312673453967147,44.04054707604988
2025-10-06 12:30:00,22.41709344510825,42.08652955982108
2025-10-06 12:35:00,16.4500644542415,39.09674041285897
2025-10-06 12:40:00,26.105942996843645,43.918357929567215
2025-10-06 12:45:00,27.091962861713515,44.40499904146806
2025-10-06 12:50:00,16.877206891180514,39.291205207306234
2025-10-06 12:55:00,20.524812194354244,41.10854501967336
2025-10-06 13:00:00,25.00182361807456,43.34054094048262
2025-10-06 13:05:00,28.90976127349,45.287953064257636
2025-10-06 13:10:00,22.395327432734568,42.02413256647043
2025-10-06 13:15:00,19.747564992094997,40.69360093512469
2025-10-06 13:20:00,20.984665340671953,41.30545390508603
2025-10-06 13:25:00,25.26311393598752,43.43793424588528
2025-10-06 13:30:00,18.809265595873583,40.20421940766229
2025-10-06 13:35:00,17.961991639015135,39.77374509143721
2025-10-06 13:40:00,18.52767358537003,40.04970209931996
2025-10-06 13:45:00,16.736370857993336,39.14712018542196
2025-10-06 13:50:00,19.589123354609548,40.566519341641865
2025-10-06 13:55:00,23.724391849303327,42.62712999851051
2025-10-06 14:00:00,19.453509761486718,40.484618909674055
2025-10-06 14:05:00,17.365979182522672,39.43373716520541
2025-10-06 14:10:00,16.891404518834673,39.18928701315847
2025-10-06 14:15:00,12.726271686289017,37.09951145675899
2025-10-06 14:20:00,19.71956020580739,40.58890030221031
2025-10-06 14:25:00,16.496658327670918,38.97014772084498
2025-10-06 14:30:00,15.854390212325214,38.64166583952684
2025-10-06 14:35:00,25.6466997089327,43.530426629926716
2025-10-06 14:40:00,16.641233069694934,39.020253265683124
2025-10-06 14:45:00,13.173409252761944,37.2788552738565
2025-10-06 14:50:00,13.839885911444998,37.60456152953508
2025-10-06 14:55:00,18.260994894492626,39.80753800597246
2025-10-06 15:00:00,14.858842304798774,38.09883780394123
2025-10-06 15:05:00,9.914393019790838,35.61894341192642
2025-10-06 15:10:00,16.704077346702512,39.006070033761574
2025-10-06 15:15:00,11.666231439121068,36.479385796901774
2025-10-06 15:20:00,19.022078258414023,40.14950223313655
2025-10-06 15:25:00,16.38123355183665,38.82122726764315
2025-10-06 15:30:00,11.54554292175909,36.39548375359954
2025-10-06 15:35:00,16.484619881154146,38.857078499927844
2025-10-06 15:40:00,12.606966956811998,36.91026282290117
2025-10-06 15:45:00,14.731439376369767,37.96446438965789
2025-10-06 15:50:00,13.405040167535024,37.293184767812846
2025-10-06 15:55:00,9.197613928740479,35.18134631078423
2025-10-06 16:00:00,9.600104940916788,35.37442121367942
2025-10-06 16:05:00,14.423041479497059,37.77767366929668
2025-10-06 16:10:00,10.139673418283474,35.627728670058005
2025-10-06 16:15:00,9.752427993050526,35.425799889810136
2025-10-06 16:20:00,7.926006955115863,34.50423826060947
2025-10-06 16:25:00,11.898890240288729,36.482283807195735
2025-10-06 16:30:00,16.661188782390845,38.85499205375186
2025-10-06 16:35:00,7.125420337030786,34.0786219357906
2025-10-06 16:40:00,10.264043835596047,35.63940297715006
2025-10-06 16:45:00,14.300447881611065,37.64902953817209
2025-10-06 16:50:00,9.706365930632128,35.343368405649166
2025-10-06 16:55:00,11.193077005630254,36.078059150515315
2025-10-06 17:00:00,6.548680331078222,33.74715144488899
2025-10-06 17:05:00,10.929965104163252,35.929039947678866
2025-10-06 17:10:00,9.002128948208245,34.95632353129384
2025-10-06 17:15:00,12.448651728361797,36.67074218948749
2025-10-06 17:20:00,12.990944571333383,36.93300154722506
2025-10-06 17:25:00,17.144264860728352,39.00073035835032
2025-10-06 17:30:00,11.070757518042411,35.95500114608226
2025-10-06 17:35:00,10.27505678193283,35.54813109265006
2025-10-06 17:40:00,9.8561810725306,35.32962947144855
2025-10-06 17:45:00,8.19846035416107,34.49166132839794
2025-10-06 17:50:00,10.26792827020555,35.517243549373966
2025-10-06 17:55:00,8.370387650671464,34.559277613992364
2025-10-06 18:00:00,9.77569424978465,35.25269146440442
2025-10-06 18:05:00,13.246429800622494,36.97877603261285
2025-10-06 18:10:00,6.30693940669548,33.499703936261966
2025-10-06 18:15:00,12.78872980328818,36.731228609307536
2025-10-06 18:20:00,13.372551993611678,37.013725620092345
2025-10-06 18:25:00,9.128683560692828,34.88233382729018
2025-10-06 18:30:00,5.0,31.902769037749
2025-10-06 18:35:00,7.811410451133497,34.20465191468074
2025-10-06 18:40:00,13.616110491324484,37.09741428971958
2025-10-06 18:45:00,9.756233845250005,35.15784510251937
2025-10-06 18:50:00,6.93606482893438,33.7380865803583
2025-10-06 18:55:00,8.53815969658453,34.52941692002505
2025-10-06 19:00:00,12.702189618686184,36.60167177686614
2025-10-06 19:05:00,11.95765576931888,36.21960180844279
2025-10-06 19:10:00,9.747008664621937,35.104432343763186
2025-10-06 19:15:00,9.51884557088464,34.98046208732691
2025-10-06 19:20:00,9.608657403448102,35.01543656857519
2025-10-06 19:25:00,8.190344503773439,34.296306030424255
2025-10-06 19:30:00,15.986302199095077,38.1842682090913
2025-10-06 19:35:00,10.364693144210161,35.363404504988516
2025-10-06 19:40:00,15.18340717777739,37.76265991087172
2025-10-06 19:45:00,16.304868623751084,38.31324666255678
2025-10-06 19:50:00,14.95346384442292,37.62735801543969
2025-10-06 19:55:00,10.889808699125851,35.585301973847834
2025-10-06 20:00:00,13.630428157476665,36.945341097660524
2025-10-06 20:05:00,12.589547062127641,36.41458788368414
2025-10-06 20:10:00,10.202146099015755,35.21053275077594
2025-10-06 20:15:00,14.145559316789837,37.17184279955696
2025-10-06 20:20:00,9.902590242728829,35.03991987037036
2025-10-06 20:25:00,17.277856876215424,38.71707304001753
2025-10-06 20:30:00,12.603835747501652,36.369540651140085
2025-10-06 20:35:00,14.891670599031416,37.50289465288044
2025-10-06 20:40:00,15.43606593593735,37.76448737612945
2025-10-06 20:45:00,14.114872888297707,37.093244464654106
2025-10-06 20:50:00,16.964294129166177,38.50726733411163
2025-10-06 20:55:00,14.09922731941155,37.064004894468646
2025-10-06 21:00:00,18.46451427635786,39.235878134320345
2025-10-06 21:05:00,12.146180575619042,36.065899921807166
2025-10-06 21:10:00,16.90342012819718,38.43366729316302
2025-10-06 21:15:00,22.687742970226715,41.31493534758671
2025-10-06 21:20:00,14.22299460094477,37.07162691622624
2025-10-06 21:25:00,15.549986503079312,37.72414782237215
2025-10-06 21:30:00,19.490217348738106,39.68324748440116
2025-10-06 21:35:00,18.85838754640516,39.356276189273586
2025-10-06 21:40:00,19.74839062667522,39.790180785399855
2025-10-06 21:45:00,20.5464606070255,40.17807836502548
2025-10-06 21:50:00,21.370831702104017,40.579086119374445
2025-10-06 21:55:00,23.188730009090985,41.47681718132912
2025-10-06 22:00:00,21.48706822762551,40.61472798539273
2025-10-06 22:05:00,19.93666078218502,39.8282258288783
2025-10-06 22:10:00,23.08563491717708,41.39137441945371
2025-10-06 22:15:00,27.179514946963256,43.42693600015279
2025-10-06 22:20:00,21.498213083148386,40.57486676301915
2025-10-06 22:25:00,19.392874025183204,39.510739144406635
2025-10-06 22:30:00,26.061964670966518,42.83378668027956
2025-10-06 22:35:00,22.807561846886507,41.195047871232546
2025-10-06 22:40:00,17.08220843828593,38.32079424772225
2025-10-06 22:45:00,26.577328374717162,43.056737862694035
2025-10-06 22:50:00,22.867063498832678,41.18994972602636
2025-10-06 22:55:00,24.642373829792867,42.06590993623385
2025-10-06 23:00:00,26.35358229199003,42.90978004482835
2025-10-06 23:05:00,26.375349795225752,42.90889059640687
2025-10-06 23:10:00,28.380756150064705,43.89978158632749
2025-10-06 23:15:00,25.396629594385402,42.39586722398394
2025-10-06 23:20:00,28.69502876896032,44.03317692059478
2025-10-06 23:25:00,26.83142438250091,43.08944612172494
2025-10-06 23:30:00,30.282374195349004,44.802953799130684
2025-10-06 23:35:00,30.369243072959506,44.83438247749991
2025-10-06 23:40:00,26.17513555591071,42.72528451945653
2025-10-06 23:45:00,32.69861537270741,45.97494188196108
2025-10-06 23:50:00,28.292695124512385,43.75986095867556
2025-10-06 23:55:00,32.785166819373586,45.99393784707613
2025-10-07 00:00:00,31.923547115523693,45.550930970101994
2025-10-07 00:05:00,36.7970039001478,47.97542436553831
2025-10-07 00:10:00,31.072690717544106,45.10099490009563
2025-10-07 00:15:00,31.15543442655423,45.13005609812414
2025-10-07 00:20:00,32.604874954627626,45.842428018644945
2025-10-07 00:25:00,32.21258893565958,45.633899074268164
2025-10-07 00:30:00,35.97998719783446,47.505174775113545
2025-10-07 00:35:00,29.188095204494967,44.096767949244274
2025-10-07 00:40:00,31.33147186470966,45.15595814794972
2025-10-07 00:45:00,31.743023917368866,45.34919883779247
2025-10-07 00:50:00,38.24948618465269,48.5898575273414
2025-10-07 00:55:00,40.98054800195876,49.94277898213459
2025-10-07 01:00:00,35.983316014983465,47.431516623219
2025-10-07 01:05:00,36.23576423647281,47.545057555524934
2025-10-07 01:10:00,37.395361389917184,48.11213623971249
2025-10-07 01:15:00,41.11102613909807,49.95721210694392
2025-10-07 01:20:00,35.280531434264276,47.02917173197081
2025-10-07 01:25:00,39.211714559744166,48.9819338569392
2025-10-07 01:30:00,41.85283988781738,50.289630768324514
2025-10-07 01:35:00,40.857598591847896,49.77910815349708
2025-10-07 01:40:00,40.34636852945189,49.51055504230508
2025-10-07 01:45:00,43.20011871043198,50.92445604104072
2025-10-07 01:50:00,32.50250201760164,45.56263769285144
2025-10-07 01:55:00,43.056719588287834,50.826700668490226
2025-10-07 02:00:00,39.46725423231949,49.018886475308875
2025-10-07 02:05:00,36.33928199015452,47.441783236320504
2025-10-07 02:10:00,43.76162071799415,51.13979998275572
2025-10-07 02:15:00,46.74077707554058,52.61619014794043
2025-10-07 02:20:00,42.594026574545104,50.529591591568916
2025-10-07 02:25:00,46.246176988282954,52.342408304440255
2025-10-07 02:30:00,48.60001088877906,53.50603167707016
2025-10-07 02:35:00,48.07781745186142,53.23160640221668
2025-10-07 02:40:00,49.41697728924774,53.887822890922465
2025-10-07 02:45:00,47.081426678734836,52.70664938760848
2025-10-07 02:50:00,45.43309869307064,51.86905253450897
2025-10-07 02:55:00,40.74629213656721,49.51218183997694
2025-10-07 03:00:00,45.15288034747557,51.70197407967053
2025-10-07 03:05:00,43.69354406012828,50.95876972762326
2025-10-07 03:10:00,53.06152038114916,55.62918744434793
2025-10-07 03:15:00,46.33949334806493,52.25456935614125
2025-10-07 03:20:00,47.548135101872305,52.84525164136652
2025-10-07 03:25:00,49.137122616112165,53.626072894989505
2025-10-07 03:30:00,47.91026358465665,52.99893707247104
2025-10-07 03:35:00,53.15391464881925,55.60702260332098
2025-10-07 03:40:00,46.48250941573699,52.257546400288234
2025-10-07 03:45:00,49.20824535141364,53.606607305881326
2025-10-07 03:50:00,46.66312875514862,52.320208579581774
2025-10-07 03:55:00,45.18862884364772,51.56908493989838
2025-10-07 04:00:00,47.5634734252637,52.74260040148645
2025-10-07 04:05:00,49.529577072707646,53.71171236150243
2025-10-07 04:10:00,48.586407913856014,53.22615499500631
2025-10-07 04:15:00,48.02230101286163,52.9300959455161
2025-10-07 04:20:00,46.097389069857755,51.95360167485873
2025-10-07 04:25:00,50.275240359122975,54.028456432251424
2025-10-07 04:30:00,46.20996374861271,51.981714764066375
2025-10-07 04:35:00,53.19513094902467,55.460162638362384
2025-10-07 04:40:00,51.34431329855309,54.520585837260846
2025-10-07 04:45:00,46.89748994050666,52.28297404575367
2025-10-07 04:50:00,50.506717903719135,54.073355891907475
2025-10-07 04:55:00,49.333062079771345,53.47226393547342
2025-10-07 05:00:00,52.693165944257686,55.13802002851945
2025-10-07 05:05:00,55.89397366026255,56.72409636716732
2025-10-07 05:10:00,46.37490182863873,51.95020136673072
2025-10-07 05:15:00,52.464064010085956,54.98039192275342
2025-10-07 05:20:00,51.74788057667884,54.60787833677212
2025-10-07 05:25:00,54.342280517942825,55.8906252193533
2025-10-07 05:30:00,53.058485572859176,55.23424355609463
2025-10-07 05:35:00,50.24424758384739,53.812609384614966
2025-10-07 05:40:00,51.614853062493665,54.483366077417536
2025-10-07 05:45:00,50.24637540013502,53.7845504471808
2025-10-07 05:50:00,55.91547522177748,56.60449292371647
2025-10-07 05:55:00,52.794940765773404,55.029587743807
2025-10-07 06:00:00,58.468674038671686,57.85178602862951
2025-10-07 06:05:00,52.60775734786264,54.90662905007716
2025-10-07 06:10:00,50.67970097096788,53.92787206545288
2025-10-07 06:15:00,48.26950980783742,52.7080176434668
2025-10-07 06:20:00,47.39752698514661,52.257237466533546
2025-10-07 06:25:00,48.041408130283884,52.564359467714965
2025-10-07 06:30:00,53.57266289042346,55.31513859025534
2025-10-07 06:35:00,54.265546636410036,55.6467026395225
2025-10-07 06:40:00,47.954538850892995,52.476291477073886
2025-10-07 06:45:00,55.332649637308904,56.150410275146484
2025-10-07 06:50:00,51.138497673918366,54.038368493674184
2025-10-07 06:55:00,52.95897088545473,54.93361021611094
2025-10-07 07:00:00,57.27697655481262,57.07758920527382
2025-10-07 07:05:00,55.043418551679345,55.94575751765758
2025-10-07 07:10:00,51.450813396914995,54.13437353562352
2025-10-07 07:15:00,49.47731224141214,53.132512956828116
2025-10-07 07:20:00,45.58096948938234,51.16920310586512
2025-10-07 07:25:00,49.755594357756145,53.24134871396437
2025-10-07 07:30:00,51.1474869719446,53.922099966871336
2025-10-07 07:35:00,48.67842435708284,52.67234550046771
2025-10-07 07:40:00,51.096620475945635,53.86619241972805
2025-10-07 07:45:00,51.56280411104056,54.08400523976506
2025-10-07 07:50:00,50.4910558110913,53.53282435907012
2025-10-07 07:55:00,49.04060314369337,52.792263685839885
2025-10-07 08:00:00,51.313271510952774,53.913236045794505
2025-10-07 08:05:00,51.94163714730068,54.212029681083585
2025-10-07 08:10:00,47.14504230285232,51.79831584196458
2025-10-07 08:15:00,54.44148705509371,55.43109469264487
2025-10-07 08:20:00,49.69751517524764,53.043638244463516
2025-10-07 08:25:00,49.82667437067762,53.09272047709207
2025-10-07 08:30:00,51.66399168341565,53.995855037797185
2025-10-07 08:35:00,50.000721062931596,53.1486690278241
2025-10-07 08:40:00,51.914836125461804,54.0901493820597
2025-10-07 08:45:00,49.66391306113151,52.94908432259255
2025-10-07 08:50:00,46.70523852881295,51.454117306140596
2025-10-07 08:55:00,49.36010542483869,52.76589490840675
2025-10-07 09:00:00,44.570636236615634,50.355478500884495
2025-10-07 09:05:00,48.04703477388639,52.07797011648748
2025-10-07 09:10:00,47.33467545001287,51.70605709018994
2025-10-07 09:15:00,46.51664489410898,51.28128286509188
2025-10-07 09:20:00,46.455787625618974,51.23506982970698
2025-10-07 09:25:00,40.89018972558306,48.43646115359414
2025-10-07 09:30:00,44.57799111887643,50.264526928475746
2025-10-07 09:35:00,46.185384908431416,51.05236383534751
2025-10-07 09:40:00,46.063524989296255,50.97554895150655
2025-10-07 09:45:00,42.17262578514894,49.01418961880711
2025-10-07 09:50:00,48.71923105050938,52.271557844765354
2025-10-07 09:55:00,41.984973884190325,48.8884703092835
2025-10-07 10:00:00,47.14837160158023,51.454185800790114
2025-10-07 10:05:00,45.17337376616865,50.45067923200145
2025-10-07 10:10:00,41.60036924487523,48.64814516758465
2025-10-07 10:15:00,48.50789704194511,52.08585324110427
2025-10-07 10:20:00,39.23980472845171,47.4357273697723
2025-10-07 10:25:00,45.212953251407605,50.40619815900237
2025-10-07 10:30:00,45.088226730378395,50.3277078007154
2025-10-07 10:35:00,39.70201244925023,47.61845006922206
2025-10-07 10:40:00,45.51525898049313,50.50889938335316
2025-10-07 10:45:00,40.20850433451065,47.8393248811332
2025-10-07 10:50:00,41.44249199800674,48.4400984389625
2025-10-07 10:55:00,40.97232738768747,48.18877289846677
2025-10-07 11:00:00,39.400768394908276,47.38672733881945
2025-10-07 11:05:00,41.8460338981961,48.59307133300144
2025-10-07 11:10:00,41.401772308068374,48.354629220209354
2025-10-07 11:15:00,33.381391875932735,44.328105260304056
2025-10-07 11:20:00,42.143877708441465,48.69299214098655
2025-10-07 11:25:00,32.8456415715895,44.02749587984571
2025-10-07 11:30:00,40.5316126994266,47.85408122871302
2025-10-07 11:35:00,40.413747354256664,47.77872645376101
2025-10-07 11:40:00,33.359397719941704,44.23510778215382
2025-10-07 11:45:00,34.997732818549096,45.037809860369556
2025-10-07 11:50:00,32.51036074380241,43.777636870924425
2025-10-07 11:55:00,34.77963820616367,44.89576730491252
2025-10-07 12:00:00,34.09705975626716,44.537948573721366
2025-10-07 12:05:00,36.95694766297491,45.95134194805842
2025-10-07 12:10:00,38.1459452885296,46.52926924552611
2025-10-07 12:15:00,37.999580275080426,46.43949442388353
2025-10-07 12:20:00,31.724198447905067,43.28519053265604
2025-10-07 12:25:00,32.382081270869065,43.597498440863596
2025-10-07 12:30:00,27.559553751322852,41.169580789468064
2025-10-07 12:35:00,29.793662534071483,42.2699610383566
2025-10-07 12:40:00,34.708720314647685,44.7107956729769
2025-10-07 12:45:00,36.26549946096215,45.472471015161055
2025-10-07 12:50:00,27.32218667265347,40.984080552799114
2025-10-07 12:55:00,28.856422477430478,41.73444468800892
2025-10-07 13:00:00,30.165481583875327,42.37220091353637
2025-10-07 13:05:00,30.69856845177453,42.62195159791949
2025-10-07 13:10:00,27.045362771294155,40.77853672507477
2025-10-07 13:15:00,30.365345501717314,42.42169691366453
2025-10-07 13:20:00,27.293731129527032,40.86903954613699
2025-10-07 13:25:00,28.297272552647556,41.35394121084558
2025-10-07 13:30:00,29.60834977305852,41.992592048354716
2025-10-07 13:35:00,27.621311406176417,40.98216650612906
2025-10-07 13:40:00,25.929305097396266,40.11923854680315
2025-10-07 13:45:00,26.550111009574277,40.41269839192128
2025-10-07 13:50:00,26.258575636838962,40.249969428841666
2025-10-07 13:55:00,25.06278691508659,39.63509576598292
2025-10-07 14:00:00,25.05020156833477,39.61180590599937
2025-10-07 14:05:00,30.28109596546669,42.210238174151854
2025-10-07 14:10:00,26.831450860505612,40.46838308844365
2025-10-07 14:15:00,23.930939058897344,39.00107719276024
2025-10-07 14:20:00,26.582253790285414,40.30966724325562
2025-10-07 14:25:00,23.169436855269687,38.58617428173017
2025-10-07 14:30:00,27.375436686733316,40.67207266629279
2025-10-07 14:35:00,24.655985340036807,39.295228566456565
2025-10-07 14:40:00,22.922139940999926,38.41117068712831
2025-10-07 14:45:00,24.290336624116826,39.07811723771475
2025-10-07 14:50:00,17.944006059794987,35.88778369574065
2025-10-07 14:55:00,18.992244318285653,36.39471823881263
2025-10-07 15:00:00,18.513298737520223,36.13804467853595
2025-10-07 15:05:00,22.253193045179966,37.99077502154804
2025-10-07 15:10:00,26.758106681914743,40.22599913112641
2025-10-07 15:15:00,27.99770963596671,40.82855214449916
2025-10-07 15:20:00,22.968397939425895,38.296632220971375
2025-10-07 15:25:00,22.314536347358576,37.952421881487865
2025-10-07 15:30:00,15.174042312260585,34.364879995858516
2025-10-07 15:35:00,18.721988933991952,36.12154325772414
2025-10-07 15:40:00,17.767160449162155,35.62680392924774
2025-10-07 15:45:00,18.056297508099618,35.75403247959788
2025-10-07 15:50:00,19.210681632945235,36.31386981399399
2025-10-07 15:55:00,18.103171523692097,35.74274542672486
2025-10-07 16:00:00,13.394040749074879,33.370796246591965
2025-10-07 16:05:00,21.3964401269563,37.354597827101244
2025-10-07 16:10:00,15.763623290619847,34.52077712960807
2025-10-07 16:15:00,19.53720740381774,36.39014288083985
2025-10-07 16:20:00,24.887894283498657,39.04804613425846
2025-10-07 16:25:00,15.762326502541848,34.467808321425885
2025-10-07 16:30:00,10.793191667286793,31.965773390767644
2025-10-07 16:35:00,17.39843675109409,35.25091497435184
2025-10-07 16:40:00,21.44062180784747,37.25451324463876
2025-10-07 16:45:00,23.90304991575463,38.468219886379835
2025-10-07 16:50:00,14.238663185792962,33.61850610083911
2025-10-07 16:55:00,19.325818132116776,36.1445502909955
2025-10-07 17:00:00,16.357361652853292,34.642776051939244
2025-10-07 17:05:00,17.36224022918377,35.127656770411186
2025-10-07 17:10:00,25.54917857439348,39.20355494932623
2025-10-07 17:15:00,13.052618625077674,32.937691703374966
2025-10-07 17:20:00,18.27748994733662,35.532531962119776
2025-10-07 17:25:00,18.883490102729986,35.81792465297055
2025-10-07 17:30:00,20.7113409932521,36.71423087367092
2025-10-07 17:35:00,17.730963772704563,35.20641134798315
2025-10-07 17:40:00,18.353683652000235,35.5001288283387
2025-10-07 17:45:00,16.256609540452253,34.43393791648128
2025-10-07 17:50:00,18.25048031094127,35.413208196049084
2025-10-07 17:55:00,16.434598966678383,34.487591315954795
2025-10-07 18:00:00,19.359506330005004,35.93235783478408
2025-10-07 18:05:00,16.426115051075392,34.44796422513546
2025-10-07 18:10:00,18.71594061068837,35.5751683750347
2025-10-07 18:15:00,17.55607523859349,34.977516547086495
2025-10-07 18:20:00,21.09075794702662,36.72712839524079
2025-10-07 18:25:00,17.63667266591537,34.98234603239408
2025-10-07 18:30:00,12.559485550006352,32.42600268395157
2025-10-07 18:35:00,21.76153389600026,37.00926714639337
2025-10-07 18:40:00,15.365186605174006,33.79332401858399
2025-10-07 18:45:00,16.237092155827664,34.211497687994466
2025-10-07 18:50:00,16.53676991735348,34.34354798773543
2025-10-07 18:55:00,22.581742640371985,37.34823644162362
2025-10-07 19:00:00,12.195344760653384,32.137230416141264
2025-10-07 19:05:00,28.16876467150982,40.10612425663071
2025-10-07 19:10:00,22.08599756144307,37.0469157061168
2025-10-07 19:15:00,19.758947756018916,35.86555707624266
2025-10-07 19:20:00,19.104983805763645,35.520732791216474
2025-10-07 19:25:00,20.31572454946093,36.108252419458495
2025-10-07 19:30:00,21.220714401864875,36.54288831745612
2025-10-07 19:35:00,21.80008926963641,36.81470858773061
2025-10-07 19:40:00,21.7470800509493,36.77032882863868
2025-10-07 19:45:00,20.573475579860002,36.165643606555975
2025-10-07 19:50:00,19.945737790070076,35.833884037756796
2025-10-07 19:55:00,20.325411172990105,36.00582251744464
2025-10-07 20:00:00,20.444344421491436,36.04738354162659
2025-10-07 20:05:00,24.688475892824666,38.15153643857114
2025-10-07 20:10:00,23.334084121591054,37.456420625292424
2025-10-07 20:15:00,13.006538454601278,32.27472092497814
2025-10-07 20:20:00,24.07762536070869,37.79233072190471
2025-10-07 20:25:00,22.984161006744152,37.227658249403305
2025-10-07 20:30:00,22.64154500263705,37.03840346241878
2025-10-07 20:35:00,21.837399305274268,36.61837748943785
2025-10-07 20:40:00,26.688012251103565,39.02572464878921
2025-10-07 20:45:00,26.478276895638395,38.902891618394506
2025-10-07 20:50:00,21.64425640225069,36.46791013016331
2025-10-07 20:55:00,25.518267722366076,38.386938810089234
2025-10-07 21:00:00,21.723249411612123,36.471447086322605
2025-10-07 21:05:00,20.84721564146812,36.01544219499389
2025-10-07 21:10:00,23.460362012757525,37.30402208695845
2025-10-07 21:15:00,28.28857881520466,39.70013205757347
2025-10-07 21:20:00,28.927944476439286,40.00181147119873
2025-10-07 21:25:00,27.98112485621703,39.51039340830537
2025-10-07 21:30:00,28.996422695840046,40.00002939018477
2025-10-07 21:35:00,28.754740754335906,39.86117094703657
2025-10-07 21:40:00,25.672469059833595,38.30201324365509
2025-10-07 21:45:00,29.288857724337184,40.09218148681484
2025-10-07 21:50:00,30.79579150193448,40.82761820437325
2025-10-07 21:55:00,31.064032124488598,40.94370441311514
2025-10-07 22:00:00,32.7794391785596,41.78337005721192
2025-10-07 22:05:00,31.75391825217946,41.252568081607706
2025-10-07 22:10:00,31.10424442874053,40.909686178962055
2025-10-07 22:15:00,33.68564561826778,42.18233845528461
2025-10-07 22:20:00,30.825142684990322,40.73403549371942
2025-10-07 22:25:00,28.692622987396646,39.64972112457108
2025-10-07 22:30:00,31.286425988494983,40.928565230433456
2025-10-07 22:35:00,29.981947063343675,40.25826564995334
2025-10-07 22:40:00,30.635603451956477,40.56703115428173
2025-10-07 22:45:00,32.67532604694809,41.568827340895055
2025-10-07 22:50:00,31.182430373261248,40.80431212345731
2025-10-07 22:55:00,33.08948025499263,41.73976756523146
2025-10-07 23:00:00,28.78886315432491,39.57138754854408
2025-10-07 23:05:00,35.5683978975544,42.94308163779768
2025-10-07 23:10:00,35.393208663477196,42.83741207366227
2025-10-07 23:15:00,33.40146510371415,41.82346383323642
2025-10-07 23:20:00,38.295466534577926,44.25238672597932
2025-10-07 23:25:00,39.59709383873568,44.88512134454066
2025-10-07 23:30:00,32.42980789818304,41.28339828124603
2025-10-07 23:35:00,35.433661505314774,42.767244083631006
2025-10-07 23:40:00,35.88479494973079,42.97472904784247
2025-10-07 23:45:00,35.843729693032216,42.93611405603531
2025-10-07 23:50:00,41.623703994568174,45.80801838924425
2025-10-07 23:55:00,39.026057339661094,44.49111194149514
